Address,Status Code,No Results,New Page,[Old] Best New Page
http://www.diamondmansion.com/2-60ct-asscher-cut-diamond-engagement-ring-egl-vs1-f-1550.html?SID=v9m7m8e7tml0v0b5leg61e6j54,404,Y,,http://www.diamondmansion.com/rings/engagement/asscher/
http://www.diamondmansion.com/0-88-carat-natural-cushion-cut-diamond-gia-certified.html,404,Y,,http://www.diamondmansion.com/rings/engagement/cushion/
http://www.diamondmansion.com/0-94-ct-channel-w-trapezoid-sides-3-stone-diamond-engagement-ring-platinum.html?fee=2&fep=1144,404,,http://www.diamondmansion.com/0-94-ct-channel-w-trapezoid-sides-3-stone-diamond-engagement-ring/?option=chigvgjiglrdfe,
http://www.diamondmansion.com/0-52-carat-natural-emerald-cut-diamond-egl-usa-certified-7393.html,404,,http://www.diamondmansion.com/0-52-carat-natural-emerald-cut-diamond-egl-usa-certified-9706/,
http://www.diamondmansion.com/2-00ct-asscher-cut-diamond-engagement-ring-gia-vs2-h-18k-white-gold.html?fee=2&fep=1477,404,Y,,http://www.diamondmansion.com/rings/engagement/asscher/white-gold/
http://www.diamondmansion.com/final_product?product=1083&related_product=4740,404,,http://www.diamondmansion.com/3mm-split-shank-solitaire-natural-diamond-engagement-ring/?option=yrfltgcnrcgs,
http://www.diamondmansion.com/fine-jewelry/earings/her-diamond-stud-1/2-16-carat-round-brilliant-cut-diamond-stud-earrings.html,404,,http://www.diamondmansion.com/2-16-carat-round-brilliant-cut-diamond-stud-earrings-18k-white-gold/,
http://www.diamondmansion.com/1-91ct-cushion-cut-diamond-engagement-ring-egl-vs1-g-18k-white-gold.html?SID=v9m7m8e7tml0v0b5leg61e6j54,404,,http://www.diamondmansion.com/1-47-ct-3-side-pave-halo-natural-diamonds-engagement-ring/?option=ccjjfgenrcrbgc,
http://www.diamondmansion.com/select-diamond/http://www.diamondmansion.com?product=10026&qty=1&super_attribute[145]=12&price=2720&shap=&sid=no-diamond,404,,,
http://www.diamondmansion.com/final_product?product=3347&related_product=7703,404,,http://www.diamondmansion.com/art-deco-engagement-ring-with-hexagonal-halo-setting-0-70cttw/?option=bsdnngcirdgc,
http://www.diamondmansion.com/1-51ct-asscher-cut-diamond-halo-engagement-ring-wedding-band-gra-f-vvs2-18k-white-gold.html?SID=teb2jqev97tn4ieoh4o5qtggp7,404,404,,http://www.diamondmansion.com/rings/engagement/asscher/white-gold/
"http://www.diamondmansion.com/3-11ct-asscher-cut-diamond-engagement-ring-egl-g-vs2-platinum.html?fb_action_ids=691163547562104&fb_action_types=og.likes&fb_source=other_multiline&action_object_map=[1406306219605271]&action_type_map=[""og.likes""]&action_ref_map=[]",404,,http://www.diamondmansion.com/natural-halo-pave-diamond-engagement-ring/?option=csddtginrbrcfk,
http://www.diamondmansion.com/final_product?product=1646&related_product=9192,404,,http://www.diamondmansion.com/1-47-ct-3-side-pave-halo-natural-diamonds-engagement-ring/?option=cqijvgnnrcrbfp,
http://www.diamondmansion.com/2-55ct-cushion-cut-diamond-engagement-ring-gia-si2-g.html?SID=v9m7m8e7tml0v0b5leg61e6j54,404,Y,,http://www.diamondmansion.com/rings/engagement/cushion/
http://www.diamondmansion.com/2-84ct-cushion-cut-diamond-engagement-ring-egl-vs2-i-14k-yellow-gold.html?SID=v9m7m8e7tml0v0b5leg61e6j54,404,,http://www.diamondmansion.com/2-99ct-cushion-cut-diamond-engagement-ring-egl-vs2-i/,
"http://www.diamondmansion.com/select-diamond/http://www.diamondmansion.com?product=4374&qty=1&super_attribute[145]=12&price=1895&shap=Round,Princess,Asscher,Cushion&sid=",404,404,,
http://www.diamondmansion.com/2-92ct-cushion-cut-diamond-pave-halo-bridal-set-gra-certified-e-vs2.html?SID=v9m7m8e7tml0v0b5leg61e6j54,404,,http://www.diamondmansion.com/natural-cushion-diamond-three-sided-pave-halo-engagement-ring/?option=bsanngnnrbge,
http://www.diamondmansion.com/fine-jewelry/rings/design-your-own-ring/0-50-ct-bar-setting-w-radiant-cut-sidestones-3-stone-band-black-friday-sale.html,404,404,,
http://www.diamondmansion.com/final_product?product=776&related_product=4872,404,,http://www.diamondmansion.com/1-30-ct-3-sided-classic-design-pave-natural-diamond-engagement-ring/?option=ccbflgdirerjrbgk,
http://www.diamondmansion.com/2-00ct-asscher-cut-diamond-engagement-ring-gia-vs2-h-18k-white-gold.html,404,Y,,http://www.diamondmansion.com/rings/engagement/asscher/white-gold/
http://www.diamondmansion.com/engagement-wedding/pre-set-engagement-rings/2-56ct-cushion-cut-diamond-halo-engagement-ring-gra-h-vs1.html,404,,http://www.diamondmansion.com/three-row-shank-pave-halo-natural-diamonds-engagement-ring/?option=cqjdmgdircgs,
http://www.diamondmansion.com/2-11ct-cushion-cut-diamond-engagement-ring-vs2-i-gia.html,404,404,,http://www.diamondmansion.com/rings/engagement/cushion/
http://www.diamondmansion.com/fine-jewelry/rings/design-your-own-ring/vintage-1/56-ctw-natural-diamonds-halo-pave-engagement-ring-mounting.html,404,,http://www.diamondmansion.com/56-ctw-natural-diamonds-halo-pave-engagement-ring-mounting/?option=ychlvgjirbrcfx,
http://www.diamondmansion.com/catalogsearch/result/http://www.diamondmansion.com?q=.75ct+Wide+Shank+Princess+Channel+Natural+Diamonds+Engagement+Ring,404,404,,http://www.diamondmansion.com/rings/engagement/princess/euro-shank/
http://www.diamondmansion.com/1-62-carat-natural-cushion-cut-diamond-gia-certified-10377.html,404,,http://www.diamondmansion.com/1-62-carat-natural-cushion-cut-diamond-gia-certified-12408/,
http://www.diamondmansion.com/final_product?product=1380&qty=1&super_attribute[145]=12&price=2022&related_product=10536,404,,http://www.diamondmansion.com/80-ct-trellis-design-sidestone-natural-diamonds-engagement-ring/?option=bsbnngkirlrcgu,
http://www.diamondmansion.com/0-61-ct-slim-shank-w-pave-halo-natural-diamonds-engagement-ring.html,404,404,,
http://www.diamondmansion.com/engagement-wedding/pre-set-engagement-rings/halo/2-37-ct-cushion-cut-diamond-engagement-ring-h-vvs2-egl-usa-certified-1.html,404,404,,http://www.diamondmansion.com/rings/engagement/cushion/
http://www.diamondmansion.com/diamond-search/http://www.diamondmansion.com?cut=Cushion,404,404,,
http://www.diamondmansion.com/final_product?product=2522&related_product=8704,404,,http://www.diamondmansion.com/0-50-ct-bar-setting-w-heart-cut-sidestones-3-stone-band/?option=chbhfginhnrcgv,
http://www.diamondmansion.com/select-diamond/http://www.diamondmansion.com?product=10340&qty=1&super_attribute[145]=15&price=9970&shap=&sid=,404,404,,
http://www.diamondmansion.com/fine-jewelry/rings/design-your-own-ring/wedding-set-1/0-65-ct-round-split-shank-pave-natural-diamonds-bridal-set.html,404,,http://www.diamondmansion.com/0-30-ct-round-split-shank-pave-natural-diamonds-engagement-ring/?option=crjjvgcnrbgq,
http://www.diamondmansion.com/final_product?product=2857&qty=1&super_attribute[145]=12&price=2400&related_product=14456,404,,http://www.diamondmansion.com/1-15-ct-3-stone-w-princess-sidestones-split-shank-pave-diamond-ring/?option=yrdmsgniqlrcgc,
http://www.diamondmansion.com/3-11ct-asscher-cut-diamond-engagement-ring-egl-g-vs2-platinum.html?fee=2&fep=1509,404,,http://www.diamondmansion.com/natural-halo-pave-diamond-engagement-ring/?option=bsdnngcnrbrcfx,
http://www.diamondmansion.com/1-44-ct-3-row-pave-halo-natural-diamonds-engagement-ring-14k-white-gold.html?SID=teb2jqev97tn4ieoh4o5qtggp7,404,404,,http://www.diamondmansion.com/rings/engagement/white-gold/pave/
http://www.diamondmansion.com/final_product?product=1411&related_product=9098,404,,http://www.diamondmansion.com/63-ct-5-stone-w-accent-sidestone-natural-diamonds-engagement-ring/?option=cobelgiirormrcfo,
http://www.diamondmansion.com/2-00ct-asscher-cut-diamond-engagement-ring-gia-vs2-h-platinum.html?SID=v9m7m8e7tml0v0b5leg61e6j54,404,Y,,http://www.diamondmansion.com/rings/engagement/asscher/
http://www.diamondmansion.com/final_product?product=3327&qty=1&super_attribute[145]=12&price=1757&related_product=8195,404,,http://www.diamondmansion.com/1-10ct-crossover-shank-halo-natural-diamonds-engagement-ring/?option=ycbmlgkirbga,
http://www.diamondmansion.com/final_product?product=3359&related_product=9554,404,,http://www.diamondmansion.com/1-75cttw-pave-pear-shaped-halo-art-deco-engagement-rings/?option=cpghfgjircrbfq,
http://www.diamondmansion.com/1-68ct-double-row-halo-w-pave-natural-diamonds-wedding-set-14k-white-gold.html?SID=teb2jqev97tn4ieoh4o5qtggp7,404,404,,http://www.diamondmansion.com/rings/engagement/white-gold/halo/
http://www.diamondmansion.com/0-85-ct-split-shank-bezel-pave-natural-diamonds-engagement-ring-18k-white-gold.html,404,,http://www.diamondmansion.com/0-85-ct-split-shank-bezel-pave-natural-diamonds-engagement-ring/?option=bsdnngknrbgd,
http://www.diamondmansion.com/2-56ct-cushion-cut-diamond-halo-engagement-ring-gra-h-vs1.html?SID=bq75iuho24pdv6fodv010nm&sa=X&ei=oeiAT5DQC-jZ0QGouIDyBw&ved=0CG4QgwgwBA,404,,http://www.diamondmansion.com/three-row-shank-pave-halo-natural-diamonds-engagement-ring/?option=ycglsgjnrcfa,
http://www.diamondmansion.com/engagement-wedding/pre-set-engagement-rings/pave/267ctw-princess-cut-dual-halo-natural-diamonds-engagement-ring-si1-g-gia.html,404,Y,,
http://www.diamondmansion.com/engagement-wedding/wedding-and-anniversary/his-her-classic/5mm-hand-carved-wedding-ring-for-men-women-1991.html,404,,http://www.diamondmansion.com/5mm-hand-carved-wedding-ring-for-men-women-18k-white-gold-5411/,
"http://www.diamondmansion.com/select-diamond/http://www.diamondmansion.com?product=1074&qty=1&super_attribute[145]=15&price=1391&shap=Round,Princess,Pear,Oval,Emerald,Asscher,Radiant,Marquise,Heart,Cushion&sid=",404,404,,
http://www.diamondmansion.com/select-diamond/http://www.diamondmansion.com?product=3359&qty=1&super_attribute[145]=12&price=2394&shap=&sid=,404,404,,
http://www.diamondmansion.com/engagement-wedding/pre-set-engagement-rings/pave/2-31ct-cushion-cut-diamond-engagement-ring-egl-vs1-g.html,404,,http://www.diamondmansion.com/3-row-shank-pave-diamond-engagement-ring/?option=yrjklgcnrbblgh,
http://www.diamondmansion.com/1-5-carat-natural-cushion-cut-diamond-gia-certified-8167.html?fee=2&fep=8167,404,,http://www.diamondmansion.com/1-5-carat-natural-cushion-cut-diamond-gia-certified-12987/,
http://www.diamondmansion.com/addto_product?val=2,404,?,,
http://www.diamondmansion.com/diamond/hal-6029.html,404,404,,
http://www.diamondmansion.com/addto_product?val=1,404,?,,
"http://www.diamondmansion.com/select-diamond/http://www.diamondmansion.com?product=2518&qty=1&super_attribute[145]=15&price=2156&shap=Princess,Emerald,Asscher,Radiant&sid=no-diamond",404,404,,
http://www.diamondmansion.com/2-12ct-cushion-cut-pave-diamond-engagement-ring-gra-h-vs1-black-friday-sale.html,404,,http://www.diamondmansion.com/3-sided-baguette-and-round-cut-pave-diamond-engagement-ring/?option=yrbmtginrbblfb,
http://www.diamondmansion.com/1-67-dual-square-halo-w-pave-natural-diamonds-engagement-ring.html,404,Y,,
"http://www.diamondmansion.com/select-diamond/http://www.diamondmansion.com?product=5696&price=2180&shap=Round,Princess,Oval,Emerald,Asscher,Radiant,Cushion&sid=",404,404,,
http://www.diamondmansion.com/2-84ct-cushion-cut-diamond-engagement-ring-egl-vs2-i-18k-white-gold-1490.html?fee=2&fep=1490,404,Y,,
http://www.diamondmansion.com/final_product?product=1124&qty=1&super_attribute[145]=12&price=1020.75&related_product=9326,404,,http://www.diamondmansion.com/0-62-ct-classic-round-shank-pave-natural-diamonds-engagement-ring/?option=ycilmgcnrbqkgu,
http://www.diamondmansion.com/fine-jewelry/earings/her-diamond-stud-1/round-cut-stud-earrings/1-82ct-decorative-halo-pave-black-diamonds-stud-earrings.html,404,,http://www.diamondmansion.com/1-82ct-decorative-halo-pave-black-diamonds-stud-earrings/,
"http://www.diamondmansion.com/select-diamond/http://www.diamondmansion.com?product=1678&qty=1&super_attribute[145]=12&price=2094&shap=Princess,Asscher,Cushion&sid=",404,404,,
http://www.diamondmansion.com/final_product?product=1591&qty=1&super_attribute[145]=12&price=1665&related_product=8230,404,,http://www.diamondmansion.com/220ct-natural-asscher-micro-pave-diamond-engagement-ring-vs2-i-gia/,
http://www.diamondmansion.com/engagement-wedding/pre-set-engagement-rings/halo/1-51ct-asscher-cut-diamond-halo-engagement-ring-wedding-band-gra-f-vvs2.html,404,,http://www.diamondmansion.com/three-stone-round-pave-side-profile-diamond-engagement-ring/?option=bsdnngnnrorbgn,
http://www.diamondmansion.com/fine-jewelry/earings/her-diamond-stud-1/3-82-ctw-halo-unique-black-diamonds-stud-earrings.html,404,,http://www.diamondmansion.com/3-82-ctw-halo-unique-black-diamonds-stud-earrings/,
http://www.diamondmansion.com/engagement-wedding/pre-set-engagement-rings/halo/158ct-natural-cushion-sidestone-diamond-engagement-ring-si1-h-gia-6.html,404,,http://www.diamondmansion.com/baguette-sidestones-halo-natural-diamond-engagement-ring/?option=bsenngknblrbgk,
http://www.diamondmansion.com/1-7-carat-natural-princess-cut-diamond-gia-certified-12433.html,404,Y,,
http://www.diamondmansion.com/2-31ct-cushion-cut-diamond-engagement-ring-egl-vs1-g-platinum.html?fee=2&fep=700,404,,http://www.diamondmansion.com/3-row-shank-pave-diamond-engagement-ring/?option=bsbnnginrbblfj,
http://www.diamondmansion.com/0-51-carat-natural-princess-cut-diamond-gia-certified-8505.html,404,404,,
http://www.diamondmansion.com/select-diamond/http://www.diamondmansion.com?product=2875&qty=1&super_attribute[145]=12&price=2441&shap=&sid=,404,404,,
http://www.diamondmansion.com/1-91ct-cushion-cut-diamond-engagement-ring-egl-vs1-g-14k-white-gold.html,404,,http://www.diamondmansion.com/1-47-ct-3-side-pave-halo-natural-diamonds-engagement-ring/?option=ccfhmgcnrcrbfc,
http://www.diamondmansion.com/select-diamond/http://www.diamondmansion.com?product=7131&qty=1&super_attribute[145]=12&price=895&shap=&sid=no-diamond,404,404,,
http://www.diamondmansion.com/1-91ct-cushion-cut-diamond-engagement-ring-egl-vs1-g-14k-white-gold.html?fee=2&fep=1018,404,,http://www.diamondmansion.com/1-47-ct-3-side-pave-halo-natural-diamonds-engagement-ring/?option=cafffgenrcrbfb,
http://www.diamondmansion.com/1-2-carat-natural-round-cut-diamond-gia-certified-7597.html?fee=2&fep=7597,404,,http://www.diamondmansion.com/1-2-carat-natural-round-cut-diamond-gia-certified-12920/,
"http://www.diamondmansion.com/select-diamond/http://www.diamondmansion.com?product=5697&qty=1&super_attribute[145]=12&price=2180&shap=Round,Princess,Oval,Emerald,Asscher,Radiant,Cushion&sid=",404,404,,
http://www.diamondmansion.com/diamond-search/http://www.diamondmansion.com?cut=Princess,404,404,,
http://www.diamondmansion.com/2-5-carat-natural-emerald-cut-diamond-gia-certified-9182.html?fee=2&fep=9182,404,,http://www.diamondmansion.com/2-5-carat-natural-emerald-cut-diamond-gia-certified-12343/,
http://www.diamondmansion.com/0-68ct-3-stone-w-baguette-sides-natural-diamonds-engagement-ring-14k-yellow-gold.html?fee=2&fep=1782,404,,http://www.diamondmansion.com/0-68ct-3-stone-w-baguette-sides-natural-diamonds-engagement-ring/?option=bsanngnnbprkfb,
http://www.diamondmansion.com/0-61-ct-3-stone-with-trillion-sides-natural-diamonds-engagement-ring-platinum.html?SID=v9m7m8e7tml0v0b5leg61e6j54,404,,http://www.diamondmansion.com/0-61-ct-3-stone-with-trillion-sides-natural-diamonds-engagement-ring/?option=bscnngkitogj,
http://www.diamondmansion.com/0-61-ct-fleur-de-lis-side-design-pave-natural-diamonds-bridal-set-platinum.html,404,,http://www.diamondmansion.com/0-30-ct-cathedral-shank-w-side-center-accent-pave-natural-diamonds-engagement-ring/?option=yrfmsgdnrbfa,
http://www.diamondmansion.com/2-80ct-asscher-cut-diamond-engagement-ring-egl-f-vs1-14k-yellow-gold.html?SID=lm259p9p11e2,404,404,,
http://www.diamondmansion.com/fine-jewelry/rings/design-your-own-ring/halo/1-67-dual-square-halo-w-pave-natural-diamonds-engagement-ring.html,404,Y,,
http://www.diamondmansion.com/0-51-carat-natural-pear-cut-diamond-egl-usa-certified-7487.html,404,,http://www.diamondmansion.com/0-51-carat-natural-pear-cut-diamond-egl-usa-certified-11734/,
http://www.diamondmansion.com/catalogsearch/result/http://www.diamondmansion.com?q=Hal+pav+3000,404,404,,
http://www.diamondmansion.com/catalogsearch/result/http://www.diamondmansion.com?q=5340,404,404,,
http://www.diamondmansion.com/0-68ct-3-stone-w-baguette-sides-natural-diamonds-engagement-ring-platinum.html?fee=2&fep=1785,404,,http://www.diamondmansion.com/0-68ct-3-stone-w-baguette-sides-natural-diamonds-engagement-ring/?option=bsfnngcibprkga,
http://www.diamondmansion.com/0-52-carat-natural-emerald-cut-diamond-egl-usa-certified-6677.html,404,,http://www.diamondmansion.com/0-52-carat-natural-emerald-cut-diamond-egl-usa-certified-9705/,
http://www.diamondmansion.com/catalogsearch/result/http://www.diamondmansion.com?q=6002,404,404,,
http://www.diamondmansion.com/1-ct-3-stone-w-pear-sides-natural-diamonds-bridal-set-18k-white-gold.html,404,404,,
http://www.diamondmansion.com/fine-jewelry/rings/2-30cttw-pear-shaped-unique-engagement-rings-egl-usa.html,404,,http://www.diamondmansion.com/natural-halo-pave-side-profile-diamond-engagement-ring/?option=cpjjvgkirbrcfn,
http://www.diamondmansion.com/catalogsearch/result/http://www.diamondmansion.com?q=6012,404,404,,
http://www.diamondmansion.com/catalogsearch/result/http://www.diamondmansion.com?q=6015,404,404,,
http://www.diamondmansion.com/final_product?product=820&qty=1&super_attribute[145]=15&price=1631&related_product=9436,404,,http://www.diamondmansion.com/2mm-round-split-shank-classic-solitaire-natural-diamond-engagement-ring/?option=bsfnngjircgb,
http://www.diamondmansion.com/1-01-carat-natural-princess-cut-diamond-gia-certified-14125.html,404,Y,,
http://www.diamondmansion.com/1-33-ct-split-shank-pave-double-halo-natural-diamonds-engagement-ring-platinum.html?SID=teb2jqev97tn4ieoh4o5qtggp7,404,404,,
http://www.diamondmansion.com/final_product?product=8010&related_product=7496,404,,http://www.diamondmansion.com/0-80-ct-prong-micropave-setting-pave-natural-diamonds-engagement-ring/?option=yrcklgnircfd,
http://www.diamondmansion.com/final_product?product=3621&related_product=4876,404,,http://www.diamondmansion.com/0-30-ct-prong-pave-bar-design-natural-diamonds-engagement-ring/?option=ycfkmgnirdqfrcgd,
http://www.diamondmansion.com/2-84ct-cushion-cut-diamond-engagement-ring-egl-vs2-i-14k-white-gold.html?SID=v9m7m8e7tml0v0b5leg61e6j54,404,Y,,
http://www.diamondmansion.com/customer-service/http://www.diamondmansion.com?sel_cms=4,404,404,,
http://www.diamondmansion.com/customer-service/http://www.diamondmansion.com?sel_cms=6,404,404,,
http://www.diamondmansion.com/customer-service/http://www.diamondmansion.com?sel_cms=2,404,404,,
http://www.diamondmansion.com/final_product?product=1677&related_product=13885,404,,http://www.diamondmansion.com/1-33-ct-split-shank-pave-double-halo-natural-diamonds-engagement-ring/?option=ycammgeircgp,
http://www.diamondmansion.com/1-08-carat-natural-princess-cut-diamond-egl-usa-certified-9929.html,404,,http://www.diamondmansion.com/1-08-carat-natural-princess-cut-diamond-egl-usa-certified-12005/,
http://www.diamondmansion.com/customer-service/http://www.diamondmansion.com?sel_cms=1,404,404,,
http://www.diamondmansion.com/customer-service/http://www.diamondmansion.com?sel_cms=0,404,404,,
http://www.diamondmansion.com/fine-jewelry/rings/28ct-natural-emerald-3-stone-diamond-gia-vs2-i-engagement-ring.html,404,,http://www.diamondmansion.com/3-stone-pave-and-baguette-channel-set-engagement-ring/?option=crbfwgnieobkragc,
http://www.diamondmansion.com/2-80ct-asscher-cut-diamond-engagement-ring-egl-f-vs1-platinum.html?SID=lm259p9p11e2mjf03mr,404,404,,
"http://www.diamondmansion.com/select-diamond/http://www.diamondmansion.com?product=1798&qty=1&super_attribute[145]=12&price=2668&shap=Princess,Asscher&sid=",404,404,,
http://www.diamondmansion.com/final_product?product=7131&related_product=7774,404,,http://www.diamondmansion.com/31ct-natural-micro-pave-halo-diamonds-engagement-ring-set/?option=ycbmtgjnrarbfv,
http://www.diamondmansion.com/2-11ct-cushion-cut-diamond-engagement-ring-egl-vs2-g.html?SID=v9m7m8e7tml0v0b5leg61e6j54,404,Y,,
http://www.diamondmansion.com/final_product?product=3219&qty=1&super_attribute[145]=12&price=1477&related_product=10322,404,,http://www.diamondmansion.com/1ct-pave-setting-w-accents-natural-diamonds-engagement-ring/?option=crfjsgknriqlrcgb,
http://www.diamondmansion.com/catalogsearch/result/http://www.diamondmansion.com?q=6081,404,404,,
http://www.diamondmansion.com/29ct-natural-emerald-3-stone-pave-diamond-engagement-ring-vs2-g-gia-2.html?fee=2&fep=6193,404,,http://www.diamondmansion.com/natural-emerald-3-stone-channel-pave-set-diamond-engagement-ring/?option=yrjmsgkieoqhqdgs,
http://www.diamondmansion.com/catalogsearch/result/http://www.diamondmansion.com?q=6083,404,404,,
"http://www.diamondmansion.com/select-diamond/http://www.diamondmansion.com?product=801&qty=1&super_attribute[145]=12&price=536&shap=Round,Princess,Pear,Oval,Emerald,Asscher,Radiant,Marquise,Heart,Cushion&sid=round",404,404,,
http://www.diamondmansion.com/1-38-ct-comfort-fit-3-sided-pave-natural-diamonds-bridal-set-14k-white-gold.html,404,,http://www.diamondmansion.com/0-75-ct-3-sided-cathedral-shank-pave-natural-diamonds-engagement-ring/?option=bsgnngkirbragu,
http://www.diamondmansion.com/engagement-wedding/pre-set-engagement-rings/vintage/267ctw-princess-cut-dual-halo-natural-diamonds-engagement-ring-si1-g-gia.html,404,Y,,
http://www.diamondmansion.com/fine-jewelry/rings/design-your-own-ring/halo/1-32-ct-3-shank-pave-halo-natural-diamonds-engagement-ring.html,404,,http://www.diamondmansion.com/3-shank-pave-halo-natural-diamonds-engagement-ring/?option=csffsgcircfl,
http://www.diamondmansion.com/catalogsearch/result/http://www.diamondmansion.com?q=6060,404,404,,
http://www.diamondmansion.com/top-25-styles/top-25-celebrity-styles/2-60ct-asscher-cut-diamond-engagement-ring-egl-vs1-f.html,404,Y,,
http://www.diamondmansion.com/fine-jewelry/rings/design-your-own-ring/wedding-set-1/0-61-ct-fleur-de-lis-side-design-pave-natural-diamonds-bridal-set.html,404,,http://www.diamondmansion.com/0-30-ct-cathedral-shank-w-side-center-accent-pave-natural-diamonds-engagement-ring/?option=ccchmgcirbfc,
http://www.diamondmansion.com/0-61-ct-fleur-de-lis-side-design-pave-natural-diamonds-bridal-set-platinum.html?fee=2&fep=1243,404,,http://www.diamondmansion.com/0-30-ct-cathedral-shank-w-side-center-accent-pave-natural-diamonds-engagement-ring/?option=ccchmgcirbfc,
http://www.diamondmansion.com/1-carat-natural-pear-cut-diamond-gia-certified-8928.html,404,,http://www.diamondmansion.com/1-carat-natural-pear-cut-diamond-gia-certified-13034/,
http://www.diamondmansion.com/final_product?product=1680&qty=1&super_attribute[145]=14&price=2359&related_product=4985,404,,http://www.diamondmansion.com/1-33-ct-split-shank-pave-double-halo-natural-diamonds-engagement-ring/?option=cqaitginrcgg,
http://www.diamondmansion.com/1-90ct-radiant-cut-diamond-engagement-wedding-ring-halo-pave-setting-egl-i-vs1.html?SID=v9m7m8e7tml0v0b5leg61e6j54,404,,http://www.diamondmansion.com/natural-halo-pave-setting-split-shank-diamond-engagement-ring/?option=bsbnngnnrcgr,
http://www.diamondmansion.com/catalogsearch/result/http://www.diamondmansion.com?q=6047,404,404,,
http://www.diamondmansion.com/catalogsearch/result/http://www.diamondmansion.com?q=6046,404,404,,
"http://www.diamondmansion.com/select-diamond/http://www.diamondmansion.com?product=877&qty=1&super_attribute[145]=12&price=1267.64&shap=Round,Princess,Pear,Oval,Emerald,Asscher,Radiant,Marquise,Heart,Cushion&sid=",404,404,,
http://www.diamondmansion.com/1-5-carat-natural-cushion-cut-diamond-egl-usa-certified-6820.html,404,,http://www.diamondmansion.com/1-5-carat-natural-cushion-cut-diamond-egl-usa-certified-10126/,
http://www.diamondmansion.com/var/export/configurable.csv,403,403,,
http://www.diamondmansion.com/1-67-dual-square-halo-w-pave-natural-diamonds-engagement-ring.html?SID=v9m7m8e7tml0v0b5leg61e6j54,404,Y,,
http://www.diamondmansion.com/fine-jewelry/earings/her-diamond-stud-1/round-cut-stud-earrings/3-82-ctw-halo-unique-black-diamonds-stud-earrings.html,404,,http://www.diamondmansion.com/3-82-ctw-halo-unique-black-diamonds-stud-earrings/,
http://www.diamondmansion.com/2-00ct-asscher-cut-diamond-engagement-ring-gia-vs2-h-14k-yellow-gold.html?fee=2&fep=1476,404,Y,,
http://www.diamondmansion.com/1-91ct-cushion-cut-diamond-engagement-ring-egl-vs1-g-platinum.html?SID=v9m7m8e7tml0v0b5leg61e6j54,404,,http://www.diamondmansion.com/1-47-ct-3-side-pave-halo-natural-diamonds-engagement-ring/?option=creitgiircrbgb,
http://www.diamondmansion.com/2-96-ct-asscher-diamond-engagement-ring-egl-vs2-i.html?SID=v9m7m8e7tml0v0b5leg61e6j54,404,,http://www.diamondmansion.com/natural-halo-pave-diamond-engagement-ring/?option=csgflginrbrcfc,
http://www.diamondmansion.com/catalogsearch/result/http://www.diamondmansion.com?q=6017,404,404,,
http://www.diamondmansion.com/engagement-wedding/wedding-and-anniversary/his-diamond/1-00-ct-men-s-diamond-wedding-band-channel-set.html,404,,http://www.diamondmansion.com/1-00-ct-men-s-diamond-wedding-band-channel-set/,
http://www.diamondmansion.com/final_product?product=1064&qty=1&super_attribute[145]=12&price=1750&related_product=12110,404,,http://www.diamondmansion.com/1-10-ct-3-sided-pave-shank-w-gem-bridge-halo-natural-diamonds-engagement-ring/?option=cefelgcnrbgu,
"http://www.diamondmansion.com/select-diamond/http://www.diamondmansion.com?product=3177&qty=1&super_attribute[145]=12&price=930&shap=Round,Princess,Pear,Oval,Emerald,Asscher,Radiant,Marquise,Heart,Cushion&sid=emerald",404,404,,
http://www.diamondmansion.com/2-18-ct-asscher-cut-diamond-engagement-wedding-ring-halo-pave-channel-egl-g-vs1-18k-white-gold.html?SID=teb2jqev97tn4ieoh4o5qtggp7,404,404,,
http://www.diamondmansion.com/2-18-ct-asscher-cut-diamond-engagement-wedding-ring-halo-pave-channel-egl-g-vs1-platinum.html?SID=teb2jqev97tn4ieoh4o5qtggp7,404,404,,
http://www.diamondmansion.com/engagement-wedding/pre-set-engagement-rings/pave/2-56ct-cushion-cut-diamond-halo-engagement-ring-gra-h-vs1.html,404,,http://www.diamondmansion.com/three-row-shank-pave-halo-natural-diamonds-engagement-ring/?option=bsenngkircfj,
"http://www.diamondmansion.com/select-diamond/http://www.diamondmansion.com?product=6364&qty=1&super_attribute[145]=12&price=2345&shap=Round,Princess,Asscher,Radiant,Cushion&sid=",404,404,,
http://www.diamondmansion.com/fine-jewelry/rings/design-your-own-ring/wedding-set-1/1-56-ct-classic-design-setting-halo-natural-diamonds-bridal-set.html,404,,http://www.diamondmansion.com/side-profile-square-halo-engagement-rings/?option=yrjltgkirbqhfx,
http://www.diamondmansion.com/fine-jewelry/rings/design-your-own-ring/60ct-split-shank-halo-natural-diamonds-engagement-ring.html,404,,http://www.diamondmansion.com/natural-cushion-halo-pave-diamonds-engagement-ring/?option=ycgmfgdnrbrcfa,
http://www.diamondmansion.com/2-18-ct-asscher-cut-diamond-engagement-wedding-ring-halo-pave-channel-egl-g-vs1-14k-yellow-gold.html?SID=teb2jqev97tn4ieoh4o5qtggp7,404,404,,
http://www.diamondmansion.com/fine-jewelry/earings/her-diamond-stud-1/0-40ct-men-s-single-princess-cut-diamond-stud-earring-new.html,404,,http://www.diamondmansion.com/0-40ct-men-s-single-princess-cut-diamond-stud-earring-14k-white-gold/,
http://www.diamondmansion.com/final_product?product=1591&related_product=12434,404,,http://www.diamondmansion.com/220ct-natural-asscher-micro-pave-diamond-engagement-ring-vs2-i-gia/,
http://www.diamondmansion.com/engagement-wedding/pre-set-engagement-rings/channel-set/3-77-ct-radiant-cut-diamond-engagement-wedding-ring-halo-pave-channel-egl-h-si1.html,404,,http://www.diamondmansion.com/natural-halo-pave-setting-split-shank-diamond-engagement-ring/?option=chbilgdnrcge,
http://www.diamondmansion.com/final_product?product=7131&qty=1&super_attribute[145]=12&price=895&related_product=8250,404,,http://www.diamondmansion.com/31ct-natural-micro-pave-halo-diamonds-engagement-ring-set/?option=bscnngdnrarbfd,
http://www.diamondmansion.com/engagement-wedding/pre-set-engagement-rings/pave/180ctw-cushion-pave-natural-diamond-engagement-ring-si1-g-egl-usa.html,404,,http://www.diamondmansion.com/3-row-shank-pave-diamond-engagement-ring/?option=bscnngenrbblfr,
http://www.diamondmansion.com/3-31-ct-asscher-cut-diamond-engagement-wedding-ring-halo-pave-channel-egl-g-vvs1.html,404,,http://www.diamondmansion.com/natural-halo-pave-setting-split-shank-diamond-engagement-ring/?option=bscnnginrcfl,
http://www.diamondmansion.com/engagement-wedding/pre-set-engagement-rings/three-stone/1-90ct-emerald-cut-diamond-engagement-ring-gra-f-vs1.html,404,Y,,
http://www.diamondmansion.com/fine-jewelry/rings/design-your-own-ring/wedding-set-1/1-68ct-double-row-halo-w-pave-natural-diamonds-wedding-set.html,404,,http://www.diamondmansion.com/double-halo-pave-diamond-engagement-ring/?option=yrbmwgcirbrcfg,
http://www.diamondmansion.com/final_product?product=3648&qty=1&super_attribute[145]=12&price=1866&related_product=7940,404,,http://www.diamondmansion.com/1-22-ct-rail-cathedral-shank-pave-natural-diamonds-engagement-ring/?option=yccmtgkirbgb,
http://www.diamondmansion.com/2-31ct-cushion-cut-diamond-engagement-ring-egl-vs1-g-18k-yellow-gold.html?SID=v9m7m8e7tml0v0b5leg61e6j54,404,,http://www.diamondmansion.com/3-row-shank-pave-diamond-engagement-ring/?option=ycblmgcnrbblgy,
http://www.diamondmansion.com/final_product?product=3682&related_product=9697,404,,http://www.diamondmansion.com/0-14-ct-tension-setting-with-pave-natural-diamonds-engagement-ring/?option=yrhmvgkirefb,
http://www.diamondmansion.com/final_product?product=10435&qty=1&super_attribute[145]=14&price=3725&related_product=10440,404,,http://www.diamondmansion.com/0-52-carat-natural-princess-cut-diamond-gia-certified-12544/,
http://www.diamondmansion.com/1-51ct-asscher-cut-diamond-halo-engagement-ring-wedding-band-gra-f-vvs2.html?SID=v9m7m8e7tml0v0b5leg61e6j54,404,,http://www.diamondmansion.com/three-stone-round-pave-side-profile-diamond-engagement-ring/?option=bshnngnirorbfe,
http://www.diamondmansion.com/3mm-single-claw-vintage-design-solitaire-natural-diamond-engagement-ring-14k-white-gold.html,404,,http://www.diamondmansion.com/3mm-single-claw-contemporary-design-solitaire-natural-diamond-engagement-ring/?option=cqjgvgeircge,
http://www.diamondmansion.com/engagement-bridal-landing/,404,?,,
http://www.diamondmansion.com/2-11ct-cushion-cut-diamond-engagement-ring-vs2-i-gia.html?SID=v9m7m8e7tml0v0b5leg61e6j54,404,404,,
http://www.diamondmansion.com/diamond-search/http://www.diamondmansion.com?cut=Radiant,404,404,,
http://www.diamondmansion.com/final_product?product=2888&related_product=7115,404,,http://www.diamondmansion.com/1-19-ct-3-stone-pave-w-princess-sidestones-diamond-ring/?option=cqgewgciqqrbrdgr,
http://www.diamondmansion.com/32-ct-sinewave-shank-w-marquise-sidestone-natural-diamonds-engagement-ring-18k-white-gold.html,404,,http://www.diamondmansion.com/32-ct-sinewave-shank-w-marquise-sidestone-natural-diamonds-engagement-ring/?option=yrhkvgcnmggu,
http://www.diamondmansion.com/natural-halo-pave-contemporary-split-shank-diamond-pink-sapphires-engagement-ring.html,404,,http://www.diamondmansion.com/natural-halo-pave-contemporary-split-shank-diamond-engagement-ring/?option=bsenngdnrafv,
http://www.diamondmansion.com/2-00ct-asscher-cut-diamond-engagement-ring-gia-vs2-h-14k-white-gold.html?fee=2&fep=1471,404,Y,,
http://www.diamondmansion.com/final_product?product=4376&related_product=7186,404,,http://www.diamondmansion.com/1-20-ctw-design-your-own-engagement-ring-halo-setting-f-g-vs1-vs2/?option=bsinngnnrbfv,
http://www.diamondmansion.com/4mm-prong-setting-design-solitaire-natural-diamonds-engagement-ring/http://www.diamondmansion.com?option=ycikwgeis,404,404,,
http://www.diamondmansion.com/final_product?product=1280&qty=1&super_attribute[145]=15&price=3574&related_product=9057,404,,http://www.diamondmansion.com/side-profile-square-halo-engagement-rings/?option=ccjjsgcnrbqhgi,
http://www.diamondmansion.com/final_product?product=1026&qty=1&super_attribute[145]=12&price=1316.5&related_product=4760,404,,http://www.diamondmansion.com/0-80-ct-classic-design-cathedral-halo-natural-diamonds-engagement-ring/?option=ycilvgdirarcfc,
http://www.diamondmansion.com/0-90-ct-tension-setting-pave-natural-diamonds-engagement-ring-platinum.html?fee=2&fep=990,404,,http://www.diamondmansion.com/0-90-ct-tension-setting-pave-natural-diamonds-engagement-ring/?option=cpcdmgcnrfga,
http://www.diamondmansion.com/3mm-split-shank-solitaire-natural-diamond-engagement-ring-platinum.html?fee=2&fep=1087,404,,http://www.diamondmansion.com/3mm-split-shank-solitaire-natural-diamond-engagement-ring/?option=bsgnngcircfv,
http://www.diamondmansion.com/diamond-search/http://www.diamondmansion.com?cut=Pear,404,404,,
http://www.diamondmansion.com/final_product?product=1182&related_product=7774,404,,http://www.diamondmansion.com/0-94-ct-channel-w-trapezoid-sides-3-stone-diamond-engagement-ring/?option=yrglsgenglrdgd,
http://www.diamondmansion.com/1-25-ct-men-s-diamond-channel-set-wedding-ring.html,404,,http://www.diamondmansion.com/1-00-ct-men-s-diamond-wedding-band-channel-set/,
http://www.diamondmansion.com/diamond-search/http://www.diamondmansion.com?cut=Marquise,404,404,,
http://www.diamondmansion.com/0-97ct-natural-cushion-double-halo-diamond-engagement-ring/http://www.diamondmansion.com?option=ychlmgdnrjrbga,404,404,,
http://www.diamondmansion.com/fine-jewelry/earings/her-diamond-stud-1/princess-cut-stud-earrings/1-44-ct-princess-cut-diamond-stud-earrings.html,404,,http://www.diamondmansion.com/1-44-ct-princess-cut-diamond-stud-earrings/,
http://www.diamondmansion.com/1-carat-natural-princess-cut-diamond-gia-certified-8361.html,404,,http://www.diamondmansion.com/1-carat-natural-princess-cut-diamond-gia-certified-12577/,
http://www.diamondmansion.com/2-81ct-cushion-cut-diamond-engagement-ring-egl-vs1-h-platinum.html?fee=2&fep=695,404,,http://www.diamondmansion.com/3-row-shank-pave-diamond-engagement-ring/?option=bsinnginrbblfy,
http://www.diamondmansion.com/fine-jewelry/rings/design-your-own-ring/halo/60ct-split-shank-halo-natural-diamonds-engagement-ring.html,404,,http://www.diamondmansion.com/natural-cushion-halo-pave-diamonds-engagement-ring/?option=cqggtgdirbrcff,
http://www.diamondmansion.com/3-11ct-asscher-cut-diamond-engagement-ring-egl-g-vs2-14k-yellow-gold.html?fee=2&fep=1506,404,,http://www.diamondmansion.com/natural-halo-pave-diamond-engagement-ring/?option=cseffgjirbrcfj,
http://www.diamondmansion.com/3-11ct-asscher-cut-diamond-engagement-ring-egl-g-vs2-14k-white-gold.html?fee=2&fep=1505,404,,http://www.diamondmansion.com/natural-halo-pave-diamond-engagement-ring/?option=bsbnngcnrbrcfv,
http://www.diamondmansion.com/3-30-ct-pear-cut-diamond-halo-pave-engagement-ring-g-si1-black-friday-sale.html,404,404,,
http://www.diamondmansion.com/catalogsearch/result/http://www.diamondmansion.com?q=5443,404,404,,
http://www.diamondmansion.com/fine-jewelry/rings/design-your-own-ring/halo/058ct-baguette-sidestones-halo-natural-diamond-engagement-ring.html,404,,http://www.diamondmansion.com/baguette-sidestones-halo-natural-diamond-engagement-ring/?option=ccaitginblrbgd,
http://www.diamondmansion.com/2-56ct-cushion-cut-diamond-halo-engagement-ring-gra-h-vs1.html,404,,http://www.diamondmansion.com/three-row-shank-pave-halo-natural-diamonds-engagement-ring/?option=bsdnngeircfz,
http://www.diamondmansion.com/3-4-carat-cushion-cut-diamond-1214.html,404,,http://www.diamondmansion.com/3-4-carat-cushion-cut-diamond-4833/,
http://www.diamondmansion.com/catalogsearch/result/http://www.diamondmansion.com?q=5436,404,404,,
http://www.diamondmansion.com/final_product?product=1367&related_product=6898,404,,http://www.diamondmansion.com/0-73-ct-trellis-w-pear-sides-3-stone-natural-diamonds-ring/?option=ccbhwginpprcfq,
http://www.diamondmansion.com/fine-jewelry/rings/design-your-own-ring/pave/0-30-ct-cathedral-shank-w-side-center-accent-pave-natural-diamonds-engagement-ring-338.html,404,,http://www.diamondmansion.com/round-claw-prong-classic-pave-natural-diamonds-engagement-ring/?option=crgdfgknrcfe,
http://www.diamondmansion.com/engagement-wedding/pre-set-engagement-rings/pave/2-11ct-cushion-cut-diamond-engagement-ring-egl-vs2-g.html,404,Y,,
http://www.diamondmansion.com/diamond/top-25-styles.html,404,404,,
http://www.diamondmansion.com/2-56ct-cushion-cut-diamond-halo-engagement-ring-gra-h-vs1.html?SID=bq75iuho24pdv6fodv010nm,404,,http://www.diamondmansion.com/three-row-shank-pave-halo-natural-diamonds-engagement-ring/?option=bshnnginrcfs,
http://www.diamondmansion.com/1-58-carat-natural-round-cut-diamond-egl-is-certified.html?SID=lm259p9p11e2mjf03mru3pipr3,404,404,,
http://www.diamondmansion.com/catalogsearch/result/http://www.diamondmansion.com?q=5431,404,404,,
http://www.diamondmansion.com/fine-jewelry/earings/her-diamond-stud-1/3-21-carat-round-brilliant-cut-diamond-stud-earrings.html,404,,http://www.diamondmansion.com/3-21-carat-round-brilliant-cut-diamond-stud-earrings-18k-white-gold/,
http://www.diamondmansion.com/2-00ct-asscher-cut-diamond-engagement-ring-gia-vs2-h-14k-yellow-gold.html?SID=v9m7m8e7tml0v0b5leg61e6j54,404,Y,,
http://www.diamondmansion.com/catalogsearch/result/http://www.diamondmansion.com?q=5428,404,404,,
http://www.diamondmansion.com/engagement-wedding/pre-set-engagement-rings/pave/2-84ct-cushion-cut-diamond-engagement-ring-egl-vs2-i.html,404,Y,,
http://www.diamondmansion.com/2-80ct-asscher-cut-diamond-engagement-ring-egl-f-vs1-18k-yellow-gold.html?SID=lm259p9p11e2,404,404,,
http://www.diamondmansion.com/final_product?product=3219&qty=1&super_attribute[145]=12&price=1477&related_product=6645,404,,http://www.diamondmansion.com/1ct-pave-setting-w-accents-natural-diamonds-engagement-ring/?option=bsfnngnnriqlrcfw,
http://www.diamondmansion.com/diamond-education/http://www.diamondmansion.com?sel_cms=8,404,404,,
http://www.diamondmansion.com/catalogsearch/result/http://www.diamondmansion.com?q=46598632+,404,404,,
http://www.diamondmansion.com/diamond-education/http://www.diamondmansion.com?sel_cms=3,404,404,,
http://www.diamondmansion.com/diamond-education/http://www.diamondmansion.com?sel_cms=2,404,404,,
http://www.diamondmansion.com/2-51-ct-vintage-micro-pave-design-diamond-right-hand-ring-3569.html,404,,http://www.diamondmansion.com/2-51-ct-vintage-micro-pave-design-diamond-right-hand-ring/?option=,
http://www.diamondmansion.com/0-73-ct-4-prong-trellis-3-stone-natural-diamonds-engagement-ring-platinum.html?fee=2&fep=1371,404,,http://www.diamondmansion.com/0-73-ct-trellis-w-pear-sides-3-stone-natural-diamonds-ring/?option=bsfnngkipprcfa,
http://www.diamondmansion.com/catalogsearch/result/http://www.diamondmansion.com?q=6125,404,404,,
http://www.diamondmansion.com/final_product?product=3641&related_product=14040,404,,http://www.diamondmansion.com/0-50-ct-prong-channel-setting-natural-diamonds-engagement-ring/?option=ycjmwgiiregx,
http://www.diamondmansion.com/2-96-ct-asscher-diamond-engagement-ring-egl-vs2-i.html,404,,http://www.diamondmansion.com/natural-halo-pave-diamond-engagement-ring/?option=bsjnnginrbrcfi,
http://www.diamondmansion.com/final_product?product=1124&related_product=4704,404,,http://www.diamondmansion.com/0-62-ct-classic-round-shank-pave-natural-diamonds-engagement-ring/?option=bscnngjirbqkfd,
http://www.diamondmansion.com/engagement-wedding/pre-set-engagement-rings/channel-set/1-90ct-radiant-cut-diamond-engagement-wedding-ring-halo-pave-setting-egl-i-vs1.html,404,,http://www.diamondmansion.com/natural-halo-pave-setting-split-shank-diamond-engagement-ring/?option=ccgevgknrcgy,
http://www.diamondmansion.com/catalogsearch/result/http://www.diamondmansion.com?q=6130,404,404,,
http://www.diamondmansion.com/final_product?product=1026&qty=1&super_attribute[145]=12&price=1316.5&related_product=8967,404,,http://www.diamondmansion.com/0-80-ct-classic-design-cathedral-halo-natural-diamonds-engagement-ring/?option=bsgnngdirarcfc,
http://www.diamondmansion.com/catalogsearch/result/http://www.diamondmansion.com?q=6132,404,404,,
http://www.diamondmansion.com/final_product?product=1593&related_product=9898,404,,http://www.diamondmansion.com/220ct-natural-asscher-micro-pave-diamond-engagement-ring-vs2-i-gia/,
http://www.diamondmansion.com/final_product?product=1593&qty=1&super_attribute[145]=14&price=1930&related_product=9898,404,,http://www.diamondmansion.com/220ct-natural-asscher-micro-pave-diamond-engagement-ring-vs2-i-gia/,
http://www.diamondmansion.com/fine-jewelry/rings/design-your-own-ring/vintage-1/60ct-natural-radiant-split-pave-diamonds-engagement-ring-1.html,404,,http://www.diamondmansion.com/60ct-natural-radiant-split-pave-diamonds-engagement-ring/?option=ycallgeirbfy,
http://www.diamondmansion.com/1-20-ct-5-stone-sidestone-natural-diamonds-engagement-ring-platinum.html?fee=2&fep=1391,404,,http://www.diamondmansion.com/1-20-ct-5-stone-sidestone-natural-diamonds-engagement-ring/?option=csddfgknrorcgx,
http://www.diamondmansion.com/final_product?product=3225&qty=1&super_attribute[145]=12&price=1316&related_product=6677,404,,http://www.diamondmansion.com/20ct-round-cut-sidestones-bezel-setting-natural-diamonds-engagement-ring/?option=cradfgcnrjrfgg,
http://www.diamondmansion.com/fine-jewelry/rings/design-your-own-ring/vintage-1/125ct-3-stone-halo-natural-diamond-engagement-ring.html,404,,http://www.diamondmansion.com/round-cut-3-stone-set-natural-diamond-engagement-ring/?option=cshisgkirlrbgy,
http://www.diamondmansion.com/final_product?product=4378&related_product=13278,404,,http://www.diamondmansion.com/1-20-ctw-design-your-own-engagement-ring-halo-setting-f-g-vs1-vs2/?option=csfdtgcirbfz,
http://www.diamondmansion.com/catalogsearch/result/http://www.diamondmansion.com?q=5464,404,404,,
http://www.diamondmansion.com/catalogsearch/result/http://www.diamondmansion.com?q=celtic,404,404,,
http://www.diamondmansion.com/fine-jewelry/rings/design-your-own-ring/halo/60ct-natural-radiant-split-pave-diamonds-engagement-ring-1.html,404,,http://www.diamondmansion.com/60ct-natural-radiant-split-pave-diamonds-engagement-ring/?option=csbdfgiirbfv,
http://www.diamondmansion.com/catalogsearch/result/http://www.diamondmansion.com?q=5446,404,404,,
http://www.diamondmansion.com/final_product?product=3348&qty=1&super_attribute[145]=27&price=1393&related_product=13647,404,,http://www.diamondmansion.com/art-deco-engagement-ring-with-hexagonal-halo-setting-0-70cttw/?option=yafgdirdfg,
http://www.diamondmansion.com/fine-jewelry/rings/design-your-own-ring/4mm-sine-wave-pattern-solitaire-natural-diamond-engagement-ring-1.html,404,,http://www.diamondmansion.com/4mm-sine-wave-pattern-solitaire-natural-diamond-engagement-ring/?option=cabglgcni,
http://www.diamondmansion.com/engagement-wedding/pre-set-engagement-rings/channel-set/2-18-ct-asscher-cut-diamond-engagement-wedding-ring-halo-pave-channel-egl-g-vs1.html,404,,http://www.diamondmansion.com/natural-halo-pave-setting-split-shank-diamond-engagement-ring/?option=cscffgcnrcfm,
http://www.diamondmansion.com/2-39ct-emerald-cut-diamond-engagement-ring-si1-h-18k-white-gold.html,404,,http://www.diamondmansion.com/natural-tension-set-pave-diamond-engagement-ring/?option=bsinngdirefo,
"http://www.diamondmansion.com/select-diamond/http://www.diamondmansion.com?product=1026&qty=1&super_attribute[145]=12&price=1316.5&shap=Round,Princess,Pear,Oval,Emerald,Asscher,Radiant,Marquise,Cushion&sid=",404,404,,
http://www.diamondmansion.com/1-51ct-asscher-cut-diamond-halo-engagement-ring-wedding-band-gra-f-vvs2.html,404,,http://www.diamondmansion.com/three-stone-round-pave-side-profile-diamond-engagement-ring/?option=ccggvgkirorbgg,
http://www.diamondmansion.com/0-52-carat-natural-emerald-cut-diamond-egl-usa-certified-14325.html,404,Y,,
http://www.diamondmansion.com/0-52-carat-natural-princess-cut-diamond-egl-usa-certified-7682.html,404,,http://www.diamondmansion.com/0-52-carat-natural-princess-cut-diamond-egl-usa-certified-11174/,
http://www.diamondmansion.com/2-carat-natural-cushion-cut-diamond-egl-usa-certified-5096.html?SID=v9m7m8e7tml0v0b5leg61e6j54,404,,http://www.diamondmansion.com/2-carat-natural-cushion-cut-diamond-egl-usa-certified-8554/,
http://www.diamondmansion.com/1-5-carat-natural-emerald-cut-diamond-gia-certified-10198.html?fee=2&fep=10198,404,,http://www.diamondmansion.com/1-5-carat-natural-emerald-cut-diamond-gia-certified-12427/,
http://www.diamondmansion.com/diamond/top-25-styles/top-25-engagement-rings/hal-6029.html,404,404,,
http://www.diamondmansion.com/fine-jewelry/earings/her-diamond-stud-1/3-00-carat-emerald-cut-diamond-stud-earrings.html,404,,http://www.diamondmansion.com/1-10-ct-emerald-cut-diamond-stud-earrings-14k-white-gold/,
http://www.diamondmansion.com/engagement-wedding/pre-set-engagement-rings/wedding-set/1-70ct-natural-cushion-cut-diamond-pave-bridal-set-si1-g-egl-usa.html,404,,http://www.diamondmansion.com/u-prong-pave-diamond-engagement-ring/?option=crbhmgcirdfj,
http://www.diamondmansion.com/wordpress/wp-content/uploads/2011/04/diamond3.jpg,404,404,,
http://www.diamondmansion.com/3-77-ct-radiant-cut-diamond-engagement-wedding-ring-halo-pave-channel-egl-h-si1-18k-yellow-gold.html?SID=teb2jqev97tn4ieoh4o5qtggp7,404,404,,
http://www.diamondmansion.com/final_product?product=1656&qty=1&super_attribute[145]=13&price=1770&related_product=11635,404,,http://www.diamondmansion.com/0-85-ct-flat-edged-shank-pave-halo-natural-diamonds-engagement-ring/?option=ccadlginrcfl,
http://www.diamondmansion.com/catalogsearch/result/http://www.diamondmansion.com?q=6155,404,404,,
http://www.diamondmansion.com/1-52-carat-natural-radiant-cut-diamond-egl-usa-certified-8388.html,404,,http://www.diamondmansion.com/1-52-carat-natural-radiant-cut-diamond-egl-usa-certified-12369/,
http://www.diamondmansion.com/catalogsearch/result/http://www.diamondmansion.com?q=6152,404,404,,
http://www.diamondmansion.com/catalogsearch/result/http://www.diamondmansion.com?q=6149,404,404,,
http://www.diamondmansion.com/catalogsearch/result/http://www.diamondmansion.com?q=6144,404,404,,
http://www.diamondmansion.com/final_product?product=1380&qty=1&super_attribute[145]=12&price=2022&related_product=10368,404,,http://www.diamondmansion.com/80-ct-trellis-design-sidestone-natural-diamonds-engagement-ring/?option=cmadfgcirlrcgf,
http://www.diamondmansion.com/2-42-ct-round-halo-w-halfmoon-sides-3-stone-diamond-ring-egl-si1-f-black-friday-sale.html,404,404,,
http://www.diamondmansion.com/natural-halo-pave-contemporary-split-shank-diamond-pink-sapphires-engagement-ring-14k-two-tone-rose-gold.html,404,,http://www.diamondmansion.com/natural-halo-pave-contemporary-split-shank-diamond-engagement-ring/?option=yafgnnrafo,
http://www.diamondmansion.com/fine-jewelry/rings/design-your-own-ring/vintage-1/0-90-ct-split-shank-pave-w-side-accent-halo-natural-diamonds-engagement-ring.html,404,,http://www.diamondmansion.com/0-90-ct-split-shank-pave-w-side-accent-halo-natural-diamonds-engagement-ring/?option=cejdfgcirarbgt,
http://www.diamondmansion.com/fine-jewelry/earings/her-diamond-stud-1/2-40-ct-emerald-cut-diamond-stud-earrings.html,404,,http://www.diamondmansion.com/1-10-ct-emerald-cut-diamond-stud-earrings-14k-white-gold/,
"http://www.diamondmansion.com/select-diamond/http://www.diamondmansion.com?product=5697&qty=1&super_attribute[145]=12&price=2180&shap=Round,Princess,Oval,Emerald,Asscher,Radiant,Cushion&sid=no-diamond",404,404,,
http://www.diamondmansion.com/catalogsearch/result/http://www.diamondmansion.com?q=1011,404,404,,
http://www.diamondmansion.com/180ctw-natural-cushion-cut-diamond-pave-engagement-ring-si1-i-egl-usa.html,404,,http://www.diamondmansion.com/3-row-shank-pave-diamond-engagement-ring/?option=bsenngcnrbblgz,
http://www.diamondmansion.com/2-39ct-emerald-cut-diamond-engagement-ring-si1-h-18k-yellow-gold.html?fee=2&fep=709,404,,http://www.diamondmansion.com/natural-tension-set-pave-diamond-engagement-ring/?option=yrgkmgdnrefk,
http://www.diamondmansion.com/catalogsearch/result/http://www.diamondmansion.com?q=6164,404,404,,
http://www.diamondmansion.com/fine-jewelry/earings/her-diamond-stud-1/round-cut-stud-earrings/2-16-carat-round-brilliant-cut-diamond-stud-earrings.html,404,,http://www.diamondmansion.com/2-16-carat-round-brilliant-cut-diamond-stud-earrings-14k-white-gold/,
http://www.diamondmansion.com/catalogsearch/result/http://www.diamondmansion.com?q=6168,404,404,,
http://www.diamondmansion.com/3mm-vintage-design-shank-w-side-milgrain-inset-solitaire-natural-diamond-engagement-ring-14k-white-gold.html,404,,http://www.diamondmansion.com/3mm-vintage-design-shank-w-side-milgrain-inset-solitaire-natural-diamond-engagement-ring/?option=csidmgknrbgq,
http://www.diamondmansion.com/0-61-ct-fleur-de-lis-side-design-pave-natural-diamonds-bridal-set-18k-white-gold.html?SID=v9m7m8e7tml0v0b5leg61e6j54,404,,http://www.diamondmansion.com/0-30-ct-cathedral-shank-w-side-center-accent-pave-natural-diamonds-engagement-ring/?option=csbdfgknrbgx,
http://www.diamondmansion.com/catalogsearch/result/http://www.diamondmansion.com?q=1018,404,404,,
http://www.diamondmansion.com/2-00ct-asscher-cut-diamond-engagement-ring-gia-vs2-h-platinum.html?fee=2&fep=1479,404,Y,,
http://www.diamondmansion.com/final_product?product=1074&qty=1&super_attribute[145]=15&price=1391&related_product=6393,404,,http://www.diamondmansion.com/2mm-comfort-fit-shank-solitaire-natural-diamond-engagement-ring/?option=crifmgknrcgi,
"http://www.diamondmansion.com/select-diamond/http://www.diamondmansion.com?product=1043&qty=1&super_attribute[145]=12&price=1061.28&shap=Round,Princess,Pear,Oval,Emerald,Asscher,Radiant,Marquise,Cushion&sid=",404,404,,
http://www.diamondmansion.com/catalogsearch/result/http://www.diamondmansion.com?q=5052,404,404,,
http://www.diamondmansion.com/fine-jewelry/earings/her-diamond-stud-1/1-52-ct-asscher-cut-diamond-stud-earrings.html,404,,http://www.diamondmansion.com/1-40-ct-asscher-cut-diamond-stud-earrings-14k-white-gold/,
http://www.diamondmansion.com/catalogsearch/result/http://www.diamondmansion.com?q=6186,404,404,,
http://www.diamondmansion.com/final_product?product=2616&qty=1&super_attribute[145]=12&price=1542&related_product=7181,404,,http://www.diamondmansion.com/0-70-ct-bezel-setting-w-asscher-cut-sidestones-diamond-ring/?option=cchdfgcnapgl,
http://www.diamondmansion.com/1-50ct-asscher-diamond-engagement-ring-bridal-set-f-vs2-platinum.html?SID=teb2jqev97tn4ieoh4o5qtggp7,404,404,,
http://www.diamondmansion.com/about-diamodmanison/http://www.diamondmansion.com?sel_cms=1,404,404,,
http://www.diamondmansion.com/2-56ct-cushion-cut-diamond-halo-engagement-ring-gra-h-vs1.html?SID=v9m7m8e7tml0v0b5leg61e6j54,404,,http://www.diamondmansion.com/236ctw-natural-cushion-cut-halo-pave-engagement-ring-si1-i-egl-usa/,
http://www.diamondmansion.com/catalogsearch/result/http://www.diamondmansion.com?q=1058,404,404,,
http://www.diamondmansion.com/catalogsearch/result/http://www.diamondmansion.com?q=1059,404,404,,
http://www.diamondmansion.com/1-5-carat-natural-round-cut-diamond-egl-usa-certified-7402.html,404,404,,
http://www.diamondmansion.com/2-31ct-cushion-cut-diamond-engagement-ring-egl-vs1-g-18k-white-gold.html?fee=2&fep=698,404,,http://www.diamondmansion.com/3-row-shank-pave-diamond-engagement-ring/?option=csegfgjirbblfd,
http://www.diamondmansion.com/natural-double-halo-pave-split-shank-engagement-ring/http://www.diamondmansion.com?option=yccmwgknrafu,404,404,,
http://www.diamondmansion.com/2-50ct-emerald-cut-diamond-engagement-ring-si1-h-18k-white-gold.html?fee=2&fep=703,404,,http://www.diamondmansion.com/natural-tension-set-pave-diamond-engagement-ring/?option=cejdfgknregj,
http://www.diamondmansion.com/165ctw-micro-pave-halo-natural-diamonds-eternity-engagement-ring-setting-6.html,404,,http://www.diamondmansion.com/floral-cluster-pave-natural-diamonds-engagement-ring-setting/?option=csfevgdirbrcgf,
http://www.diamondmansion.com/engagement-wedding/pre-set-engagement-rings/2-31ct-cushion-cut-diamond-engagement-ring-egl-vs1-g.html,404,,http://www.diamondmansion.com/3-row-shank-pave-diamond-engagement-ring/?option=bsenngnirbblgj,
http://www.diamondmansion.com/0-5-carat-natural-round-cut-diamond-egl-usa-certified-9281.html,404,404,,
http://www.diamondmansion.com/engagement-wedding/pre-set-engagement-rings/vintage/180ct-natural-round-black-diamonds-engagement-ring-si1-h-gia.html,404,,http://www.diamondmansion.com/80ct-halo-swirl-pave-natural-diamond-engagement-ring/?option=bscnnginrbrcfh,
http://www.diamondmansion.com/2-51-ct-vintage-micro-pave-design-diamond-right-hand-ring-3569.html?SID=v9m7m8e7tml0v0b5leg61e6j54,404,,http://www.diamondmansion.com/2-51-ct-vintage-micro-pave-design-diamond-right-hand-ring/?option=,
http://www.diamondmansion.com/2-83ct-cushion-cut-diamond-engagement-ring-egl-si1-f.html,404,Y,,
http://www.diamondmansion.com/180ctw-natural-cushion-cut-diamond-pave-engagement-ring-si1-i-egl-usa.html?SID=v9m7m8e7tml0v0b5leg61e6j54,404,,http://www.diamondmansion.com/3-row-shank-pave-diamond-engagement-ring/?option=bsfnngcnrbblfb,
http://www.diamondmansion.com/2-11ct-cushion-cut-diamond-engagement-ring-egl-vs2-g-platinum.html?fee=2&fep=1497,404,Y,,
http://www.diamondmansion.com/catalogsearch/result/http://www.diamondmansion.com?q=Aztec,404,404,,
http://www.diamondmansion.com/1-51ct-asscher-cut-diamond-halo-engagement-ring-wedding-band-gra-f-vvs2-platinum.html?SID=teb2jqev97tn4ieoh4o5qtggp7,404,404,,
http://www.diamondmansion.com/engagement-wedding/pre-set-engagement-rings/halo/2-83ct-cushion-cut-diamond-engagement-ring-egl-si1-f.html,404,Y,,
http://www.diamondmansion.com/2-80ct-asscher-cut-diamond-engagement-ring-egl-f-vs1-14k-white-gold.html?SID=lm259p9p11e2m,404,404,,
http://www.diamondmansion.com/fine-jewelry/rings/design-your-own-ring/pave/60ct-natural-radiant-split-pave-diamonds-engagement-ring-1.html,404,,http://www.diamondmansion.com/60ct-natural-radiant-split-pave-diamonds-engagement-ring/?option=cshdwgdirbgy,
http://www.diamondmansion.com/1-10-ct-3-stone-4-prong-pave-w-trapezoid-sidestones-diamond-ring-2908.html,404,,http://www.diamondmansion.com/1-10-ct-3-stone-4-prong-pave-w-princess-sidestones-diamond-ring/?option=cqfimgniqqrcrfgd,
http://www.diamondmansion.com/1-51-carat-natural-emerald-cut-diamond-egl-usa-certified-11207.html,404,,http://www.diamondmansion.com/1-51-carat-natural-emerald-cut-diamond-egl-usa-certified-13142/,
http://www.diamondmansion.com/2-39ct-emerald-cut-diamond-engagement-ring-si1-h-platinum.html?fee=2&fep=710,404,,http://www.diamondmansion.com/natural-tension-set-pave-diamond-engagement-ring/?option=csidfgiiregc,
http://www.diamondmansion.com/final_product?product=3617&qty=1&super_attribute[145]=12&price=2341&related_product=4876,404,,http://www.diamondmansion.com/0-30-ct-prong-pave-bar-design-natural-diamonds-engagement-ring/?option=ccfhlgkirdqfrcfa,
http://www.diamondmansion.com/3-77-ct-radiant-cut-diamond-engagement-wedding-ring-halo-pave-channel-egl-h-si1.html?SID=v9m7m8e7tml0v0b5leg61e6j54,404,,http://www.diamondmansion.com/natural-halo-pave-setting-split-shank-diamond-engagement-ring/?option=cphgsginrcfp,
http://www.diamondmansion.com/1-36-carat-natural-radiant-cut-diamond-egl-usa-certified.html,404,Y,,
http://www.diamondmansion.com/0-52-carat-natural-oval-cut-diamond-egl-usa-certified-11531.html,404,Y,,
http://www.diamondmansion.com/final_product?product=3359&qty=1&super_attribute[145]=12&price=2394&related_product=8279,404,,http://www.diamondmansion.com/1-75cttw-pave-pear-shaped-halo-art-deco-engagement-rings/?option=cpadmgjnrcrbfv,
http://www.diamondmansion.com/engagement-wedding/pre-set-engagement-rings/halo/267ctw-princess-cut-dual-halo-natural-diamonds-engagement-ring-si1-g-gia.html,404,Y,,
http://www.diamondmansion.com/2-50ct-emerald-cut-diamond-engagement-ring-si1-h-18k-yellow-gold.html?fee=2&fep=704,404,,http://www.diamondmansion.com/natural-tension-set-pave-diamond-engagement-ring/?option=crbdfgeiregx,
http://www.diamondmansion.com/final_product?product=1206&related_product=6561,404,,http://www.diamondmansion.com/2mm-comfort-fit-shank-solitaire-natural-diamond-engagement-ring/?option=csadfgenrcgb,
http://www.diamondmansion.com/final_product?product=3359&qty=1&super_attribute[145]=12&price=2394&related_product=4740,404,,http://www.diamondmansion.com/1-75cttw-pave-pear-shaped-halo-art-deco-engagement-rings/?option=cpcimgdircrbgx,
http://www.diamondmansion.com/final_product?product=3198&qty=1&super_attribute[145]=13&price=1015&related_product=14310,404,,http://www.diamondmansion.com/2-5mm-prong-setting-solitaire-natural-diamonds-ring/?option=csidmgjip,
http://www.diamondmansion.com/final_product?product=2962&qty=1&super_attribute[145]=12&price=2586&related_product=11311,404,,http://www.diamondmansion.com/0-90-ct-3-stone-with-round-sidestones-diamond-ring/?option=ycgmtgenrrrefa,
http://www.diamondmansion.com/fine-jewelry/rings/design-your-own-ring/0-30-ct-cathedral-shank-w-side-center-accent-pave-natural-diamonds-engagement-ring-338.html,404,,http://www.diamondmansion.com/round-claw-prong-classic-pave-natural-diamonds-engagement-ring/?option=csbdfginrcfi,
http://www.diamondmansion.com/fine-jewelry/rings/design-your-own-ring/halo/53ct-natural-diamonds-halo-sidestones-engagement-ring-mounting.html,404,,http://www.diamondmansion.com/53ct-natural-diamonds-halo-sidestones-engagement-ring-mounting/?option=bsbnngnircfe,
http://www.diamondmansion.com/final_product?product=1781&related_product=12891,404,,http://www.diamondmansion.com/0-68ct-3-stone-w-baguette-sides-natural-diamonds-engagement-ring/?option=cqadfgcnbprkgk,
http://www.diamondmansion.com/final_product?product=4374&related_product=13984,404,,http://www.diamondmansion.com/1-20-ctw-design-your-own-engagement-ring-halo-setting-f-g-vs1-vs2/?option=bsbnngknrbgh,
http://www.diamondmansion.com/fine-jewelry/rings/design-your-own-ring/halo/0-61-ct-slim-shank-w-pave-halo-natural-diamonds-engagement-ring.html,404,404,,
http://www.diamondmansion.com/2-81ct-cushion-cut-diamond-engagement-ring-egl-vs1-h-14k-yellow-gold.html?fee=2&fep=692,404,,http://www.diamondmansion.com/3-row-shank-pave-diamond-engagement-ring/?option=bsenngdirbblge,
http://www.diamondmansion.com/final_product?product=3656&related_product=8738,404,,http://www.diamondmansion.com/1-44ct-natural-asscher-cut-celtic-look-diamond-engagement-ring-vs2-h-gia/,
http://www.diamondmansion.com/final_product?product=1237&related_product=13742,404,,http://www.diamondmansion.com/1-44ct-natural-asscher-cut-celtic-look-diamond-engagement-ring-vs2-h-gia/,
http://www.diamondmansion.com/diamond-search/http://www.diamondmansion.com?cut=Asscher,404,404,,
http://www.diamondmansion.com/fine-jewelry/rings/design-your-own-ring/1-67-dual-square-halo-w-pave-natural-diamonds-engagement-ring.html,404,Y,,
http://www.diamondmansion.com/1-90ct-radiant-cut-diamond-engagement-wedding-ring-halo-pave-setting-egl-i-vs1.html,404,,http://www.diamondmansion.com/natural-halo-pave-setting-split-shank-diamond-engagement-ring/?option=ycbltgknrcfc,
http://www.diamondmansion.com/2-81ct-cushion-cut-diamond-engagement-ring-egl-vs1-h-14k-white-gold.html?fee=2&fep=691,404,,http://www.diamondmansion.com/3-row-shank-pave-diamond-engagement-ring/?option=ycemlginrbblgc,
http://www.diamondmansion.com/2-18-ct-asscher-cut-diamond-engagement-wedding-ring-halo-pave-channel-egl-g-vs1.html,404,,http://www.diamondmansion.com/natural-halo-pave-setting-split-shank-diamond-engagement-ring/?option=ycammgknrcfv,
http://www.diamondmansion.com/final_product?product=1074&qty=1&super_attribute[145]=15&price=296&related_product=6747,404,,http://www.diamondmansion.com/2mm-comfort-fit-shank-solitaire-natural-diamond-engagement-ring/?option=cqchwginrcfs,
http://www.diamondmansion.com/fine-jewelry/rings/design-your-own-ring/halo/265ct-micro-pave-halo-natural-diamonds-engagement-ring-si1-g-gia-14k-18k-plat.html,404,,http://www.diamondmansion.com/165ctw-micro-pave-halo-natural-diamonds-eternity-engagement-ring-setting/?option=csedfgcnrafb,
http://www.diamondmansion.com/29ct-natural-emerald-3-stone-pave-diamond-engagement-ring-vs2-g-gia-1.html?fee=2&fep=6192,404,,http://www.diamondmansion.com/natural-emerald-3-stone-channel-pave-set-diamond-engagement-ring/?option=cridmgcneoqhqdgc,
http://www.diamondmansion.com/158ct-natural-cushion-sidestone-diamond-engagement-ring-si1-h-gia-6.html,404,,http://www.diamondmansion.com/baguette-sidestones-halo-natural-diamond-engagement-ring/?option=cccelgiiblrbfx,
http://www.diamondmansion.com/hal-6029.html,404,404,,
http://www.diamondmansion.com/engagement-wedding/pre-set-engagement-rings/halo/2-66ct-asscher-cut-diamond-engagement-ring-egl-vs2-i-359.html,404,Y,,
http://www.diamondmansion.com/2-81ct-cushion-cut-diamond-engagement-ring-egl-vs1-h-18k-white-gold.html?fee=2&fep=693,404,,http://www.diamondmansion.com/3-row-shank-pave-diamond-engagement-ring/?option=cpgdwgknrbblfv,
http://www.diamondmansion.com/2-81-ct-round-cut-halo-diamond-engagement-ring-g-si2.html,404,Y,,
http://www.diamondmansion.com/final_product?product=2553&related_product=10992,404,,http://www.diamondmansion.com/0-50-ct-bar-setting-w-radiant-cut-sidestones-3-stone-band/?option=crcjtgeninrcfc,
http://www.diamondmansion.com/engagement-wedding/pre-set-engagement-rings/sale/2-11ct-cushion-cut-diamond-engagement-ring-egl-vs2-g.html,404,Y,,
http://www.diamondmansion.com/3-31-ct-asscher-cut-diamond-engagement-wedding-ring-halo-pave-channel-egl-g-vvs1.html?SID=v9m7m8e7tml0v0b5leg61e6j54,404,,http://www.diamondmansion.com/natural-halo-pave-setting-split-shank-diamond-engagement-ring/?option=ccbhmgjircgj,
http://www.diamondmansion.com/3-carat-natural-cushion-cut-diamond-egl-certified.html?SID=lm259p9p11e2mjf03mru3pipr3,404,404,,
http://www.diamondmansion.com/final_product?product=1407&related_product=8859,404,,http://www.diamondmansion.com/63-ct-5-stone-w-accent-sidestone-natural-diamonds-engagement-ring/?option=cofifgdirormrcga,
http://www.diamondmansion.com/catalogsearch/result/http://www.diamondmansion.com?q=pear+ring,404,404,,
http://www.diamondmansion.com/1-2-carat-natural-radiant-cut-diamond-gia-certified-13539.html,404,Y,,
http://www.diamondmansion.com/final_product?product=887&qty=1&super_attribute[145]=15&price=2569&related_product=14213,404,,http://www.diamondmansion.com/0-90-ct-split-shank-pave-w-side-accent-halo-natural-diamonds-engagement-ring/?option=cmcdsginrarbgy,
http://www.diamondmansion.com/engagement-wedding/pre-set-engagement-rings/wedding-set/2-92ct-cushion-cut-diamond-pave-halo-bridal-set-gra-certified-e-vs2.html,404,,http://www.diamondmansion.com/natural-cushion-diamond-three-sided-pave-halo-engagement-ring/?option=csjdfgknrbgn,
http://www.diamondmansion.com/fine-jewelry/rings/design-your-own-ring/wedding-set-1/0-45ct-2mm-comfort-fit-shank-solitaire-natural-diamond-bridal-set.html,404,,http://www.diamondmansion.com/2mm-comfort-fit-shank-solitaire-natural-diamond-engagement-ring/?option=csjdwgiircfc,
http://www.diamondmansion.com/final_product?product=3656&related_product=13826,404,,http://www.diamondmansion.com/44-ct-celtic-knot-design-pave-natural-diamonds-engagement-ring/?option=csfdfginrfgm,
http://www.diamondmansion.com/1-72-ct-emerald-diamond-pave-engagement-ring-18k-d-vs1.html,404,,http://www.diamondmansion.com/72ct-halo-u-prong-pave-natural-diamonds-engagement-ring/?option=csfdfgkirbgc,
http://www.diamondmansion.com/2-11ct-cushion-cut-diamond-engagement-ring-egl-vs2-g-14k-yellow-gold.html?SID=v9m7m8e7tml0v0b5leg61e6j54,404,Y,,
http://www.diamondmansion.com/fine-jewelry/rings/design-your-own-ring/1-32-ct-3-shank-pave-halo-natural-diamonds-engagement-ring.html,404,,http://www.diamondmansion.com/3-shank-pave-halo-natural-diamonds-engagement-ring/?option=ccbdtgcnrcgc,
http://www.diamondmansion.com/2-92ct-cushion-cut-diamond-pave-halo-bridal-set-gra-certified-e-vs2.html,404,,http://www.diamondmansion.com/3-shank-pave-halo-natural-diamonds-engagement-ring/?option=ccbdtgcnrcgc,
http://www.diamondmansion.com/final_product?product=1182&qty=1&super_attribute[145]=12&price=2181&related_product=5468,404,,http://www.diamondmansion.com/0-94-ct-channel-w-trapezoid-sides-3-stone-diamond-engagement-ring/?option=ccgdmgcnglrdfr,
http://www.diamondmansion.com/engagement-wedding/pre-set-engagement-rings/pave/1-95ct-asscher-cut-diamond-engagement-ring-18k-e-si1.html,404,404,,
http://www.diamondmansion.com/fine-jewelry/earings/her-diamond-stud-1/princess-cut-stud-earrings/3-00-ct-princess-cut-solitaire-diamond-stud-earrings-2052.html,404,,http://www.diamondmansion.com/2-00-ct-princess-cut-diamond-stud-earrings-14k-white-gold/,
http://www.diamondmansion.com/final_product?product=1591&qty=1&super_attribute[145]=12&price=1665&related_product=13054,404,,http://www.diamondmansion.com/0-66-ct-comfort-fit-3-stone-natural-diamonds-engagement-ring/?option=ccedsgcirbfl,
http://www.diamondmansion.com/fine-jewelry/rings/design-your-own-ring/165ctw-micro-pave-halo-natural-diamonds-eternity-engagement-ring-setting-6.html,404,,http://www.diamondmansion.com/floral-cluster-pave-natural-diamonds-engagement-ring-setting/?option=csfjvgcirbrcgg,
http://www.diamondmansion.com/0-51-carat-natural-princess-cut-diamond-gia-certified-7774.html,404,,http://www.diamondmansion.com/0-51-carat-natural-princess-cut-diamond-gia-certified-12957/,
http://www.diamondmansion.com/1-50ct-asscher-diamond-engagement-ring-bridal-set-f-vs2.html?SID=v9m7m8e7tml0v0b5leg61e6j54,404,,http://www.diamondmansion.com/three-stone-round-pave-side-profile-diamond-engagement-ring/?option=ycjmfgcirorbgs,
http://www.diamondmansion.com/engagement-wedding/pre-set-engagement-rings/halo/2-56ct-cushion-cut-diamond-halo-engagement-ring-gra-h-vs1.html,404,,http://www.diamondmansion.com/three-row-shank-pave-halo-natural-diamonds-engagement-ring/?option=cqfjtgcircgk,
http://www.diamondmansion.com/2-31ct-cushion-cut-diamond-engagement-ring-egl-vs1-g-14k-yellow-gold.html?SID=v9m7m8e7tml0v0b5leg61e6j54,404,,http://www.diamondmansion.com/3-row-shank-pave-diamond-engagement-ring/?option=csgjwgjirbblfi,
http://www.diamondmansion.com/final_product?product=1616&related_product=7682,404,,http://www.diamondmansion.com/136ct-micro-pave-natural-diamond-engagement-ring/?option=csddfgiirbfa,
http://www.diamondmansion.com/diamond/top-25-styles/top-25-engagement-rings.html,404,404,,
http://www.diamondmansion.com/engagement-wedding/wedding-and-anniversary/his-diamond/1-25-ct-men-s-diamond-channel-set-wedding-ring.html,404,,http://www.diamondmansion.com/1-25-ct-men-s-diamond-channel-set-wedding-ring-14k-white-gold/,
http://www.diamondmansion.com/1ct-claw-prong-cathedral-shank-pave-natural-diamonds-engagement-ring-platinum.html,404,,http://www.diamondmansion.com/1ct-claw-prong-cathedral-shank-pave-natural-diamonds-engagement-ring/?option=csedmginrkrcgc,
http://www.diamondmansion.com/final_product?product=2792&related_product=9492,404,,http://www.diamondmansion.com/1-10-ct-3-stone-3-sided-pave-w-princess-sidestones-diamond-ring/?option=cacewgciqorarcgc,
http://www.diamondmansion.com/final_product?product=345&related_product=12215,404,,http://www.diamondmansion.com/0-80-ct-classic-design-cathedral-halo-natural-diamonds-engagement-ring/?option=cobdwginrarcgf,
http://www.diamondmansion.com/final_product?product=3341&related_product=8924,404,,http://www.diamondmansion.com/4mm-wide-shank-w-cutters-natural-diamonds-engagement-ring/?option=csbdfgdirbfs,
http://www.diamondmansion.com/top-25-styles/top-25-engagement-rings/2-11ct-cushion-cut-diamond-engagement-ring-vs2-i-gia.html,404,404,,
http://www.diamondmansion.com/final_product?product=2773&related_product=12840,404,,http://www.diamondmansion.com/1-08-ct-4-prong-3-stone-w-emerald-sidestones-diamond-ring/?option=crddvgineorfrdfn,
http://www.diamondmansion.com/fine-jewelry/rings/design-your-own-ring/halo/1-ct-double-row-pave-halo-natural-diamonds-engagement-ring.html,404,404,,
http://www.diamondmansion.com/fine-jewelry/rings/design-your-own-ring/vintage-1/53ct-natural-diamonds-halo-sidestones-engagement-ring-mounting.html,404,,http://www.diamondmansion.com/53ct-natural-diamonds-halo-sidestones-engagement-ring-mounting/?option=csedfgkircgd,
http://www.diamondmansion.com/final_product?product=2688&qty=1&super_attribute[145]=12&price=1485&related_product=9846,404,,http://www.diamondmansion.com/0-80-ct-3-stone-with-princess-sidestones-engagement-diamond-ring/?option=crgdvgenqqrcfl,
http://www.diamondmansion.com/engagement-wedding/pre-set-engagement-rings/2-50ct-emerald-cut-diamond-engagement-ring-si1-h.html,404,,http://www.diamondmansion.com/natural-tension-set-pave-diamond-engagement-ring/?option=cehdfgcnrefp,
http://www.diamondmansion.com/fine-jewelry/rings/design-your-own-ring/pave/0-61-ct-slim-shank-w-pave-halo-natural-diamonds-engagement-ring.html,404,404,,
http://www.diamondmansion.com/2-02-carat-natural-princess-cut-diamond-egl-usa-certified-13911.html,404,Y,,
http://www.diamondmansion.com/29ct-natural-emerald-3-stone-pave-diamond-engagement-ring-vs2-g-gia-2.html,404,,http://www.diamondmansion.com/natural-emerald-3-stone-channel-pave-set-diamond-engagement-ring/?option=cejevgineoqhqdgk,
http://www.diamondmansion.com/1-2-carat-natural-cushion-cut-diamond-egl-usa-certified-4608.html,404,,http://www.diamondmansion.com/1-2-carat-natural-cushion-cut-diamond-egl-usa-certified/,
http://www.diamondmansion.com/3-11ct-asscher-cut-diamond-engagement-ring-egl-g-vs2.html,404,,http://www.diamondmansion.com/natural-halo-pave-diamond-engagement-ring/?option=csgfmgcirbrcgg,
http://www.diamondmansion.com/fine-jewelry/earings/her-diamond-stud-1/asscher-cut-stud-earrings/2-06-ct-asscher-cut-diamond-stud-earrings.html,404,,http://www.diamondmansion.com/2-06-ct-asscher-cut-diamond-stud-earrings-14k-white-gold/,
"http://www.diamondmansion.com/select-diamond/http://www.diamondmansion.com?product=883&qty=1&super_attribute[145]=12&price=1474&shap=Round,Princess,Pear,Oval,Emerald,Asscher,Radiant,Marquise,Cushion&sid=",404,404,,
http://www.diamondmansion.com/fine-jewelry/rings/design-your-own-ring/vintage-1/80ct-baguette-round-sidestones-pave-natural-diamond-engagement-ring.html,404,,http://www.diamondmansion.com/80ct-baguette-round-sidestones-pave-natural-diamond-engagement-ring/?option=ccedlgiiblrkraqcgo,
http://www.diamondmansion.com/engagement-wedding/pre-set-engagement-rings/halo/2-96-ct-asscher-diamond-engagement-ring-egl-vs2-i.html,404,,http://www.diamondmansion.com/natural-halo-pave-diamond-engagement-ring/?option=csgffgjirbrcgt,
http://www.diamondmansion.com/fine-jewelry/rings/design-your-own-ring/channel-set/90ct-bezel-channel-setting-natural-diamonds-engagement-ring-3206.html,404,,http://www.diamondmansion.com/bezel-channel-setting-natural-diamonds-engagement-ring/?option=cqfdmgiiqhqcfs,
http://www.diamondmansion.com/final_product?product=3489&qty=1&super_attribute[145]=12&price=2995&related_product=7774,404,,http://www.diamondmansion.com/split-shank-pave-halo-unique-engagement-ring-1-30cttw/?option=cegifgcirbrcff,
http://www.diamondmansion.com/1-7-carat-natural-cushion-cut-diamond-gia-certified-12343.html?fee=2&fep=12343,404,Y,,
http://www.diamondmansion.com/final_product?product=1702&related_product=11350,404,,http://www.diamondmansion.com/1-25-ct-triple-split-row-pave-natural-diamonds-engagement-ring/?option=ccddvgcnrcfa,
http://www.diamondmansion.com/1-00-ct-men-s-diamond-wedding-band-channel-set.html?SID=v9m7m8e7tml0v0b5leg61e6j54,404,,http://www.diamondmansion.com/1-00-ct-men-s-diamond-wedding-band-channel-set/,
http://www.diamondmansion.com/fine-jewelry/earings/her-diamond-stud-1/1-82ct-decorative-halo-pave-black-diamonds-stud-earrings.html,404,,http://www.diamondmansion.com/1-82ct-decorative-halo-pave-black-diamonds-stud-earrings/,
http://www.diamondmansion.com/2-18-ct-asscher-cut-diamond-engagement-wedding-ring-halo-pave-channel-egl-g-vs1.html?SID=v9m7m8e7tml0v0b5leg61e6j54,404,,http://www.diamondmansion.com/natural-halo-pave-setting-split-shank-diamond-engagement-ring/?option=caajwgeircft,
"http://www.diamondmansion.com/select-diamond/http://www.diamondmansion.com?product=3327&qty=1&super_attribute[145]=12&price=1757&shap=Round,Cushion&sid=",404,404,,
"http://www.diamondmansion.com/select-diamond/http://www.diamondmansion.com?product=1064&qty=1&super_attribute[145]=12&price=1750&shap=Round,Princess,Pear,Oval,Emerald,Asscher,Radiant,Marquise,Cushion&sid=no-diamond",404,404,,
http://www.diamondmansion.com/29ct-natural-emerald-3-stone-pave-diamond-engagement-ring-vs2-g-gia-3.html,404,,http://www.diamondmansion.com/natural-emerald-3-stone-channel-pave-set-diamond-engagement-ring/?option=crjhvgnneoqhqdgc,
http://www.diamondmansion.com/final_product?product=1662&related_product=11978,404,,http://www.diamondmansion.com/3-shank-pave-halo-natural-diamonds-engagement-ring/?option=csbdfgiircgb,
http://www.diamondmansion.com/4-91-ct-asscher-cut-diamond-engagement-wedding-ring-halo-pave-channel-egl-h-vs1.html,404,,http://www.diamondmansion.com/natural-halo-pave-setting-split-shank-diamond-engagement-ring/?option=ccdefgcircgg,
http://www.diamondmansion.com/3-11ct-asscher-cut-diamond-engagement-ring-egl-g-vs2-18k-white-gold-1508.html?fee=2&fep=1508,404,,http://www.diamondmansion.com/natural-halo-pave-diamond-engagement-ring/?option=csbdfgcnrbrcgr,
http://www.diamondmansion.com/select-diamond/http://www.diamondmansion.com?product=6409&qty=1&super_attribute[145]=12&price=1825&shap=&sid=,404,404,,
http://www.diamondmansion.com/1-5-carat-natural-asscher-cut-diamond-gia-certified-8261.html?fee=2&fep=8261,404,,http://www.diamondmansion.com/1-5-carat-natural-asscher-cut-diamond-gia-certified-11101/,
http://www.diamondmansion.com/1-ct-double-row-pave-halo-natural-diamonds-engagement-ring.html,404,404,,
http://www.diamondmansion.com/diamond-search/http://www.diamondmansion.com?cut=Oval,404,404,,
http://www.diamondmansion.com/2-carat-natural-round-cut-diamond-egl-usa-certified-3735.html?SID=lm259p9p11e2mjf03mru3pip,404,404,,
http://www.diamondmansion.com/1-20-ct-3-stone-dual-claw-prong-w-trapezoid-sides-channel-diamond-ring.html,404,,http://www.diamondmansion.com/3-stone-dual-claw-prong-w-asscher-sides-channel-diamond-ring/?option=cabhvgkialqkga,
http://www.diamondmansion.com/catalogsearch/result/http://www.diamondmansion.com?q=hal-pav-3008,404,404,,
http://www.diamondmansion.com/3mm-split-shank-solitaire-natural-diamond-engagement-ring-18k-white-gold.html?SID=v9m7m8e7tml0v0b5leg61e6j54,404,,http://www.diamondmansion.com/3mm-split-shank-solitaire-natural-diamond-engagement-ring/?option=cqcjvginrcgh,
http://www.diamondmansion.com/final_product?product=1176&related_product=7185,404,,http://www.diamondmansion.com/3-stone-w-pear-sides-natural-diamond-engagement-ring/?option=ccfdlgcnpnrbfk,
http://www.diamondmansion.com/2-carat-natural-asscher-cut-diamond-gia-certified-7217.html?fee=2&fep=7217,404,,http://www.diamondmansion.com/2-carat-natural-asscher-cut-diamond-gia-certified-13076/,
http://www.diamondmansion.com/final_product?product=1393&qty=1&super_attribute[145]=12&price=1580&related_product=12914,404,,http://www.diamondmansion.com/0-80-ct-uk-design-w-trim-sidestone-natural-diamonds-engagement-ring/?option=cqghwgcirorfrcge,
"http://www.diamondmansion.com/select-diamond/http://www.diamondmansion.com?product=3642&qty=1&super_attribute[145]=27&price=1155&shap=Round,Princess,Pear,Oval,Emerald,Asscher,Radiant,Marquise,Heart,Cushion&sid=no-diamond",404,404,,
http://www.diamondmansion.com/select-diamond/http://www.diamondmansion.com?product=7127&qty=1&super_attribute[145]=15&price=2295&shap=&sid=no-diamond,404,404,,
"http://www.diamondmansion.com/select-diamond/http://www.diamondmansion.com?product=3654&qty=1&super_attribute[145]=12&price=1324&shap=Round,Princess,Pear,Oval,Emerald,Asscher,Radiant,Marquise,Heart,Cushion&sid=",404,404,,
http://www.diamondmansion.com/final_product?___SID=U&product=3392&related_product=13080,404,,http://www.diamondmansion.com/unique-design-your-own-engagement-rings-halo-setting-0-62cttw/?option=coddmgiirbrcgr,
http://www.diamondmansion.com/fine-jewelry/rings/design-your-own-ring/top-25/165ctw-micro-pave-halo-natural-diamonds-eternity-engagement-ring-setting-6.html,404,,http://www.diamondmansion.com/floral-cluster-pave-natural-diamonds-engagement-ring-setting/?option=csfdfgcnrbrcfn,
http://www.diamondmansion.com/2-39ct-emerald-cut-diamond-engagement-ring-si1-h-18k-white-gold.html?fee=2&fep=708,404,,http://www.diamondmansion.com/natural-tension-set-pave-diamond-engagement-ring/?option=crbdwginrefh,
http://www.diamondmansion.com/2-66ct-asscher-cut-diamond-engagement-ring-egl-vs2-i.html?SID=v9m7m8e7tml0v0b5leg61e6j54,404,Y,,
http://www.diamondmansion.com/blog/wp-content/uploads/2011/04/diamond4.jpg,404,,not a page on the old website- not even a 404 code- keeps redirecting back to this address,
http://www.diamondmansion.com/catalogsearch/result/http://www.diamondmansion.com?q=41158361,404,404,,
http://www.diamondmansion.com/final_product?product=1043&qty=1&super_attribute[145]=12&price=1061.28&related_product=7935,404,,http://www.diamondmansion.com/0-60-ct-cathedral-pave-flat-tab-halo-natural-diamonds-engagement-ring/?option=cscgsgcircfg,
http://www.diamondmansion.com/0-61-ct-fleur-de-lis-side-design-pave-natural-diamonds-bridal-set-18k-yellow-gold.html?SID=v9m7m8e7tml0v0b5leg61e6j54,404,,http://www.diamondmansion.com/0-30-ct-cathedral-shank-w-side-center-accent-pave-natural-diamonds-engagement-ring/?option=cabdwgdirbga,
http://www.diamondmansion.com/final_product?product=1664&related_product=8448,404,,http://www.diamondmansion.com/3-shank-pave-halo-natural-diamonds-engagement-ring/?option=csfdfgknrcgq,
http://www.diamondmansion.com/210ct-cushion-cut-diamond-engagement-ring-vs2-h-gia-1.html,404,,http://www.diamondmansion.com/72ct-halo-u-prong-pave-natural-diamonds-engagement-ring/?option=ccbdsgcnrbfb,
http://www.diamondmansion.com/1-51ct-asscher-cut-diamond-halo-engagement-ring-wedding-band-gra-f-vvs2-18k-yellow-gold.html?SID=teb2jqev97tn4ieoh4o5qtggp7,404,404,,
http://www.diamondmansion.com/0-55-carat-natural-princess-cut-diamond-gia-certified-7237.html,404,,http://www.diamondmansion.com/0-55-carat-natural-princess-cut-diamond-gia-certified-11564/,
http://www.diamondmansion.com/engagement-wedding/pre-set-engagement-rings/three-stone/2-42-ct-round-halo-w-halfmoon-sides-3-stone-diamond-ring-egl-si1-f-black-friday-sale.html,404,404,,
http://www.diamondmansion.com/catalogsearch/result/http://www.diamondmansion.com?q=cushion,404,404,,
http://www.diamondmansion.com/2-01-carat-natural-round-cut-diamond-egl-usa-certified-4773.html,404,,http://www.diamondmansion.com/2-01-carat-natural-round-cut-diamond-egl-usa-certified-12961/,
http://www.diamondmansion.com/0-50-ct-bar-setting-w-radiant-cut-sidestones-3-stone-band-black-friday-sale.html,404,404,,
http://www.diamondmansion.com/final_product?product=1026&qty=1&super_attribute[145]=12&price=1316.5&related_product=7237,404,,http://www.diamondmansion.com/0-80-ct-classic-design-cathedral-halo-natural-diamonds-engagement-ring/?option=csjdlgcnrarcgj,
http://www.diamondmansion.com/29ct-natural-emerald-3-stone-pave-diamond-engagement-ring-vs2-g-gia-5.html?fee=2&fep=6196,404,,http://www.diamondmansion.com/natural-emerald-3-stone-channel-pave-set-diamond-engagement-ring/?option=crfdfgcieoqhqdgu,
http://www.diamondmansion.com/180ct-round-natural-black-diamonds-halo-engagement-ring-si1-i-gia-14k-white-gold.html?fee=2&fep=9776,404,,http://www.diamondmansion.com/180ct-round-natural-black-diamonds-halo-engagement-ring-si1-i-gia/?option=,
http://www.diamondmansion.com/3-11ct-asscher-cut-diamond-engagement-ring-egl-g-vs2-18k-white-gold.html?fee=2&fep=1511,404,,http://www.diamondmansion.com/natural-halo-pave-diamond-engagement-ring/?option=cscdfgiirbrcfa,
http://www.diamondmansion.com/engagement-wedding/pre-set-engagement-rings/halo/1-72-ct-emerald-diamond-pave-engagement-ring-18k-d-vs1.html,404,,http://www.diamondmansion.com/72ct-halo-u-prong-pave-natural-diamonds-engagement-ring/?option=crcdmginrbgk,
http://www.diamondmansion.com/fine-jewelry/rings/design-your-own-ring/vintage-1/0-97ct-natural-cushion-double-halo-diamond-engagement-ring.html,404,,http://www.diamondmansion.com/0-97ct-natural-cushion-double-halo-diamond-engagement-ring/?option=caaevginrjrbfg,
http://www.diamondmansion.com/engagement-wedding/pre-set-engagement-rings/pave/1-51ct-asscher-cut-diamond-halo-engagement-ring-wedding-band-gra-f-vvs2.html,404,,http://www.diamondmansion.com/three-stone-round-pave-side-profile-diamond-engagement-ring/?option=yrgmwgjirorbfx,
http://www.diamondmansion.com/fine-jewelry/rings/design-your-own-ring/three-stone-engagement-rings/1-20-ct-3-stone-dual-claw-prong-w-trapezoid-sides-channel-diamond-ring.html,404,,http://www.diamondmansion.com/3-stone-dual-claw-prong-w-princess-sides-channel-diamond-ring/?option=cqjhfgcnqlqkgj,
http://www.diamondmansion.com/2-00ct-asscher-cut-diamond-engagement-ring-gia-vs2-h-18k-white-gold.html?SID=v9m7m8e7tml0v0b5leg61e6j54,404,Y,,
http://www.diamondmansion.com/final_product?product=2743&related_product=8902,404,,http://www.diamondmansion.com/1-08-ct-4-prong-3-stone-w-trapezoid-sidestones-diamond-ring/?option=cqfgwgknqorcgi,
http://www.diamondmansion.com/final_product?product=1710&qty=1&super_attribute[145]=15&price=2693&related_product=9835,404,,http://www.diamondmansion.com/0-89ct-curved-split-shank-halo-w-pave-natural-diamonds-engagement-ring/?option=cccgfgknrdfx,
http://www.diamondmansion.com/engagement-wedding/pre-set-engagement-rings/halo/2-55ct-cushion-cut-diamond-engagement-ring-gia-si2-g.html,404,Y,,
http://www.diamondmansion.com/fine-jewelry/rings/design-your-own-ring/vintage-1/035ct-pave-w-milgrains-engagement-ring-setting.html,404,,http://www.diamondmansion.com/035ct-pave-w-milgrains-engagement-ring-setting/?option=cqadfgcirhfc,
http://www.diamondmansion.com/catalogsearch/result/http://www.diamondmansion.com?q=Cushion+cut+double+halo,404,404,,
http://www.diamondmansion.com/fine-jewelry/rings/design-your-own-ring/0-61-ct-slim-shank-w-pave-halo-natural-diamonds-engagement-ring-1624.html,404,,http://www.diamondmansion.com/venetian-verragio-3-stone-designer-diamond-engagement-ring/?option=csjdfgknt,
http://www.diamondmansion.com/1-10-ct-3-stone-4-prong-pave-w-emerald-sidestones-diamond-ring-2914.html,404,,http://www.diamondmansion.com/1-10-ct-3-stone-4-prong-pave-w-emerald-sidestones-diamond-ring/?option=crajwgcneqrcrfgo,
http://www.diamondmansion.com/29ct-natural-emerald-3-stone-pave-diamond-engagement-ring-vs2-g-gia-4.html?fee=2&fep=6195,404,,http://www.diamondmansion.com/natural-emerald-3-stone-channel-pave-set-diamond-engagement-ring/?option=cacdmgiieoqhqdgy,
http://www.diamondmansion.com/diamond/top-25-styles.html?shape=,404,404,,
http://www.diamondmansion.com/diamond-search/http://www.diamondmansion.com?cut=61,404,404,,
http://www.diamondmansion.com/fine-jewelry/earings/her-diamond-stud-1/mens-stud-earrings/0-40ct-men-s-single-princess-cut-diamond-stud-earring-new.html,404,,http://www.diamondmansion.com/0-40ct-men-s-single-princess-cut-diamond-stud-earring-new/,
http://www.diamondmansion.com/2-50ct-emerald-cut-diamond-engagement-ring-si1-h-platinum.html?fee=2&fep=705,404,,http://www.diamondmansion.com/natural-tension-set-pave-diamond-engagement-ring/?option=cegdfgknregc,
http://www.diamondmansion.com/diamond-search/http://www.diamondmansion.com?cut=Heart,404,404,,
http://www.diamondmansion.com/select-diamond/http://www.diamondmansion.com?product=7131&qty=1&super_attribute[145]=12&price=895&shap=&sid=,404,404,,
http://www.diamondmansion.com/engagement-wedding/pre-set-engagement-rings/halo/2-81-ct-round-cut-halo-diamond-engagement-ring-g-si2.html,404,Y,,
http://www.diamondmansion.com/1-15-ct-round-baguette-diamond-anniversary-ring-14k-white-gold-1859.html?SID=v9m7m8e7tml0v0b5leg61e6j54,404,404,,
http://www.diamondmansion.com/art-deco-engagement-ring-with-hexagonal-halo-setting-0-70cttw-black-friday-sale.html,404,404,,
http://www.diamondmansion.com/fine-jewelry/rings/design-your-own-ring/wedding-set-1/0-80-ct-round-claw-prong-classic-pave-natural-diamonds-wedding-set.html,404,,http://www.diamondmansion.com/round-claw-prong-classic-pave-natural-diamonds-engagement-ring/?option=csddmgcnrcga,
http://www.diamondmansion.com/3-11ct-asscher-cut-diamond-engagement-ring-egl-g-vs2-platinum.html?SID=v9m7m8e7tml0v0b5leg61e6j54,404,,http://www.diamondmansion.com/natural-halo-pave-diamond-engagement-ring/?option=csaimgkirbrcgt,
http://www.diamondmansion.com/2-60ct-asscher-cut-diamond-engagement-ring-egl-vs1-f-1550.html,404,Y,,
http://www.diamondmansion.com/final_product?product=896&qty=1&super_attribute[145]=12&price=877.43&related_product=10222,404,,http://www.diamondmansion.com/round-claw-prong-classic-pave-natural-diamonds-engagement-ring/?option=csadfgcnrcfq,
http://www.diamondmansion.com/engagement-wedding/pre-set-engagement-rings/channel-set/3-31-ct-asscher-cut-diamond-engagement-wedding-ring-halo-pave-channel-egl-g-vvs1.html,404,,http://www.diamondmansion.com/natural-halo-pave-setting-split-shank-diamond-engagement-ring/?option=cqdesgcnrcgp,
http://www.diamondmansion.com/engagement-wedding/pre-set-engagement-rings/halo/1-50ct-asscher-diamond-engagement-ring-bridal-set-f-vs2.html,404,,http://www.diamondmansion.com/three-stone-round-pave-side-profile-diamond-engagement-ring/?option=ycckvgnirorbgw,
http://www.diamondmansion.com/fine-jewelry/earings/her-diamond-stud-1/3-00-ct-princess-cut-solitaire-diamond-stud-earrings.html,404,,http://www.diamondmansion.com/3-00-ct-princess-cut-solitaire-diamond-stud-earrings/,
http://www.diamondmansion.com/fine-jewelry/rings/design-your-own-ring/vintage-1/058ct-baguette-sidestones-halo-natural-diamond-engagement-ring.html,404,,http://www.diamondmansion.com/baguette-sidestones-halo-natural-diamond-engagement-ring/?option=cradsgcnblrbgo,
http://www.diamondmansion.com/3mm-split-shank-solitaire-natural-diamond-engagement-ring-platinum.html,404,,http://www.diamondmansion.com/3mm-split-shank-solitaire-natural-diamond-engagement-ring/?option=cqjjmginrcfq,
http://www.diamondmansion.com/engagement-wedding/pre-set-engagement-rings/wedding-set/1-70ct-natural-cushion-cut-diamond-pave-bridal-set-si1-i-egl-usa.html,404,,http://www.diamondmansion.com/u-prong-pave-diamond-engagement-ring/?option=csidsgcnrdgn,
http://www.diamondmansion.com/engagement-wedding/pre-set-engagement-rings/wedding-set/1-70ct-natural-cushion-cut-diamond-pave-bridal-set-si1-h-egl-usa.html,404,,http://www.diamondmansion.com/u-prong-pave-diamond-engagement-ring/?option=ccbdfgcirdfy,
http://www.diamondmansion.com/fine-jewelry/rings/design-your-own-ring/side-stone/80-ct-trellis-design-sidestone-natural-diamonds-engagement-ring-7863.html,404,404,,
http://www.diamondmansion.com/catalogsearch/result/http://www.diamondmansion.com?q=3004,404,404,,
http://www.diamondmansion.com/1-32-ct-3-shank-pave-halo-natural-diamonds-engagement-ring.html,404,,http://www.diamondmansion.com/3-shank-pave-halo-natural-diamonds-engagement-ring/?option=csadfgcnrcfb,
http://www.diamondmansion.com/2-50ct-emerald-cut-diamond-engagement-ring-si1-h-14k-white-gold.html?fee=2&fep=701,404,,http://www.diamondmansion.com/natural-tension-set-pave-diamond-engagement-ring/?option=cejdfgcnrega,
http://www.diamondmansion.com/fine-jewelry/rings/design-your-own-ring/halo/197ct-natural-cushion-double-halo-diamond-engagement-ring.html,404,,http://www.diamondmansion.com/0-97ct-natural-cushion-double-halo-diamond-engagement-ring/?option=ccddwgiirjrbfw,
http://www.diamondmansion.com/engagement-wedding/pre-set-engagement-rings/halo/2-92ct-cushion-cut-diamond-pave-halo-bridal-set-gra-certified-e-vs2.html,404,,http://www.diamondmansion.com/natural-cushion-diamond-three-sided-pave-halo-engagement-ring/?option=ccgdvgcnrbfx,
http://www.diamondmansion.com/1-carat-natural-princess-cut-diamond-egl-usa-certified-13846.html,404,Y,,
http://www.diamondmansion.com/2-00ct-asscher-cut-diamond-engagement-ring-gia-vs2-h.html,404,Y,,
http://www.diamondmansion.com/1-72-ct-emerald-diamond-pave-engagement-ring-18k-d-vs1.html?SID=v9m7m8e7tml0v0b5leg61e6j54,404,,http://www.diamondmansion.com/72ct-halo-u-prong-pave-natural-diamonds-engagement-ring/?option=cehdfgknrbfi,
http://www.diamondmansion.com/final_product?product=3309&related_product=7682,404,,http://www.diamondmansion.com/75ct-wide-shank-princess-channel-natural-diamonds-engagement-ring/?option=cejdwgiiqjqdgc,
http://www.diamondmansion.com/267ctw-princess-cut-dual-halo-natural-diamonds-engagement-ring-si1-g-gia.html?SID=v9m7m8e7tml0v0b5leg61e6j54,404,Y,,
http://www.diamondmansion.com/catalogsearch/result/http://www.diamondmansion.com?q=X+design+round+channel+sides+tones,404,404,,
http://www.diamondmansion.com/3-77-ct-radiant-cut-diamond-engagement-wedding-ring-halo-pave-channel-egl-h-si1.html,404,,http://www.diamondmansion.com/natural-halo-pave-setting-split-shank-diamond-engagement-ring/?option=ccadtgiircfy,
"http://www.diamondmansion.com/select-diamond/http://www.diamondmansion.com?product=4376&qty=1&super_attribute[145]=14&price=2160&shap=Round,Princess,Asscher,Cushion&sid=",404,404,,
"http://www.diamondmansion.com/select-diamond/http://www.diamondmansion.com?product=3654&qty=1&super_attribute[145]=12&price=1324&shap=Round,Princess,Pear,Oval,Emerald,Asscher,Radiant,Marquise,Heart,Cushion&sid=no-diamond",404,404,,
http://www.diamondmansion.com/fine-jewelry/rings/design-your-own-ring/wedding-set-1/2-30-ct-4-prong-pave-engagement-wedding-set-with-1ct-matching-eternity-ring.html,404,,http://www.diamondmansion.com/2-30ct-princess-cut-cathedral-natural-diamonds-wedding-set-si1-g-gia/,
http://www.diamondmansion.com/final_product?product=3348&related_product=11988,404,,http://www.diamondmansion.com/art-deco-engagement-ring-with-hexagonal-halo-setting-0-70cttw/?option=csddfgdirdfb,
http://www.diamondmansion.com/top-25-styles/1-67-dual-square-halo-w-pave-natural-diamonds-engagement-ring.html,404,Y,,
